Theta (degrees),Raw Intensity,Model Baseline,Corrected Net Intensity
4.705,287097.4063,287383.46809754736,-286.06179754738696
4.725,287714.6563,287045.6129902366,669.043309763365
4.745,287466.8125,286707.53177381394,759.280726186058
4.765,285638.9688,286369.23387377325,-730.2650737732765
4.785,286219.4063,286030.7285497976,188.6777502023615
4.805,286233.2188,285692.0248992107,541.1939007892506
4.825,285341.4688,285353.1318603409,-11.663060340913944
4.845,284781.1563,285014.05821580393,-232.90191580395913
4.865,285005.25,284674.8125957024,330.43740429758327
4.885,284732.9375,284335.40348074917,397.53401925083017
4.905,284620.0313,283995.8392053118,624.1920946881874
4.925,285491.625,283656.12796038477,1835.4970396152348
4.945,282148.1563,283316.27779648855,-1168.121496488573
4.965,282353.8125,282976.29662649904,-622.4841264990391
4.985,282177.0938,282636.19222840865,-459.0984284086735
5.005,281330.625,282295.9722480212,-965.3472480212222
5.025,282743.5,281955.64420158265,787.8557984173531
5.045,282711.625,281615.2154783493,1096.4095216506976
5.065,279949.5313,281274.69334309443,-1325.1620430944604
5.085,280907.4063,280934.0849385572,-26.678638557204977
5.105,280779.25,280593.3972878322,185.8527121677762
5.125,278985.4063,280252.63729670475,-1267.2309967047768
5.145,279107.5313,279911.81175593054,-804.280455930566
5.165,279330.1563,279570.9273434627,-240.771043462737
5.185,278626.75,279229.99062662775,-603.240626627754
5.205,278206.9688,278889.00806425046,-682.0392642504885
5.225,277764.9375,278547.98600873107,-783.0485087310662
5.245,277639.5625,278206.93070807366,-567.3682080736617
5.265,275999.6563,277865.84830786934,-1866.1920078693656
5.285,276252.875,277524.7448532343,-1271.869853234326
5.305,275498.7813,277183.62629070325,-1684.8449907032773
5.325,276292.75,276842.49847008113,-549.7484700811328
5.345,276972.6563,276501.3671462525,471.2891537474934
5.365,275247.5625,276160.23798095115,-912.6754809511476
5.385,273865.625,275819.1165444898,-1953.491544489807
5.405,273862.125,275478.0083174511,-1615.8833174511092
5.425,272844.5625,275136.9186923425,-2292.3561923424713
5.445,274331.8438,274795.8529752128,-464.009175212821
5.465,272987.4063,274454.81638723507,-1467.4100872350973
5.485,274873.4375,274113.8140662535,759.6234337465139
5.505,272917.5938,273772.8510682972,-855.2572682972532
5.525,273170.375,273431.9323690614,-261.55736906139646
5.545,272880.9688,273091.06286535546,-210.09406535548624
5.565,271133.7188,272750.2473765212,-1616.528576521203
5.585,271868.3125,272409.49064581946,-541.17814581946
5.605,272031.4688,272068.79734178766,-37.32854178769048
5.625,271903.7188,271728.1720595683,175.5467404316878
5.645,271371.8125,271387.61932220875,-15.80682220874587
5.665,271379.875,271047.1435819344,332.73141806561034
5.685,270985.0,270706.7492213942,278.25077860581223
5.705,271731.25,270366.44055487996,1364.809445120045
5.725,271105.2188,270026.2218295209,1078.9969704790856
5.745,270340.625,269686.0972264523,654.5277735476848
5.765,271198.125,269346.0708619605,1852.0541380394716
5.785,269792.25,269006.1467886036,786.1032113963738
5.805,270066.6563,268666.3289963094,1400.3273036905448
5.825,269557.4375,268326.6214134509,1230.816086549079
5.845,269945.2813,267987.0279078989,1958.2533921010909
5.865,269472.2813,267647.5522880537,1824.7290119462996
5.885,268641.75,267308.1983038562,1333.5516961438116
5.905,268349.9688,266968.9696477772,1380.9991522227647
5.925,268339.5,266629.86995578755,1709.6300442124484
5.945,267681.4688,266290.9028083087,1390.5659916912555
5.965,267488.1563,265952.0717311441,1536.0845688558766
5.985,266803.875,265613.38019639114,1190.4948036088608
6.005,265164.625,265274.831623336,-110.20662333600922
6.025,265111.7813,264936.4293793304,175.35192066954914
6.045,264715.1563,264598.17678065016,116.97951934981393
6.065,264985.0625,264260.0770933376,724.9854066623957
6.085,264925.625,263922.1335340271,1003.4914659729111
6.105,263850.8125,263584.3492707545,266.4632292455062
6.125,263792.125,263246.7274237503,545.3975762497284
6.145,263157.1875,262909.27106621774,247.91643378225854
6.165,263075.5938,262571.98322509567,503.6105749043054
6.185,262906.0625,262234.86688180646,671.1956181935384
6.205,261931.375,261897.92497298968,33.45002701031626
6.225,261836.4219,261561.1603912213,275.26150877869804
6.245,260988.5469,261224.5759857193,-236.02908571931766
6.265,260784.4219,260888.17456303613,-103.75266303613898
6.285,260119.625,260551.95888773678,-432.3338877367787
6.305,259680.0469,260215.93168306566,-535.8847830656741
6.325,259435.7656,259880.09563159908,-444.33003159906366
6.345,258885.375,259544.45337588666,-659.0783758866601
6.365,259792.0938,259209.00751908007,583.0862809199316
6.385,258866.9063,258873.76062554994,-6.854325549938949
6.405,258086.8125,258538.71522149167,-451.9027214916714
6.425,258484.0156,258203.87379551912,280.1418044808961
6.445,258212.0938,257869.2387992482,342.8550007517915
6.465,258147.5781,257534.81264786873,612.7654521312797
6.485,258257.8594,257200.59772070663,1057.261679293355
6.505,256885.9375,256866.5963617747,19.341138225310715
6.525,257632.2969,256532.8108803141,1099.4860196858936
6.545,258592.9688,256199.24355132572,2393.72524867428
6.565,257488.7813,255865.8966160916,1622.8846839084
6.585,256588.6094,255532.7722826869,1055.8371173130872
6.605,254516.6563,255199.87272648286,-683.2164264828607
6.625,255492.9219,254867.20009064028,625.7218093597039
6.645,254719.75,254534.7564865943,184.99351340570138
6.665,253916.0156,254202.54399453048,-286.5283945304691
6.685,254551.8906,253870.56466385216,681.3259361478558
6.705,253245.0938,253538.82051363948,-293.7267136394803
6.725,253395.4063,253207.3135331006,188.0927668994118
6.745,252917.0938,252876.04568201414,41.04811798586161
6.765,252672.2344,252545.01889116465,127.215508835332
6.785,251929.125,252214.2350627696,-285.11006276961416
6.805,253714.0,251883.69607089917,1830.3039291008317
6.825,252186.2188,251553.4037618891,632.8150381109153
6.845,251633.1875,251223.35995474528,409.8275452547241
6.865,250379.0,250893.56644154218,-514.5664415421779
6.885,250749.5625,250564.02498781416,185.53751218583784
6.905,249481.2969,250234.73733293926,-753.440432939271
6.925,249185.4531,249905.7051905177,-720.2520905176934
6.945,250233.375,249576.93024874222,656.4447512577754
6.965,248692.7188,249248.41417076363,-555.6953707636276
6.985,248616.9219,248920.1585950488,-303.2366950488067
7.005,248747.9063,248592.16513573323,155.7411642667721
7.025,247792.7031,248264.4353829673,-471.73228296727757
7.045,247482.0625,247936.97090325694,-454.90840325693716
7.065,248056.6875,247609.77323979803,446.91426020197105
7.085,246113.2969,247282.8439128057,-1169.547012805706
7.105,247453.4688,246956.18441983752,497.284380162484
7.125,246451.9063,246629.79623611152,-177.88993611151818
7.145,246104.625,246303.68081481906,-199.0558148190612
7.165,245933.7813,245977.83958743207,-44.05828743206803
7.185,245511.2813,245652.27396400535,-140.99266400534543
7.205,244429.5625,245326.98533347395,-897.4228334739455
7.225,245067.6719,245001.9750639452,65.69683605479077
7.245,245129.4531,244677.24450298664,452.2085970133776
7.265,244365.2031,244352.79497790826,12.408122091757832
7.285,243586.0313,244028.6277960409,-442.59649604090373
7.305,244470.4063,243704.74424500967,765.662054990331
7.325,243701.3281,243381.14559300288,320.18250699713826
7.345,242721.125,243057.8330890367,-336.7080890366924
7.365,243125.3281,242734.80796321563,390.5201367843838
7.385,242461.5938,242412.07142698835,49.52237301165587
7.405,242363.9844,242089.62467339975,274.35972660023253
7.425,241846.6875,241767.46887733898,79.21862266102107
7.445,241749.2344,241445.60519578293,303.6292042170535
7.465,240284.4531,241124.03476803642,-839.5816680364078
7.485,240404.5313,240802.75871596843,-398.22741596843116
7.505,239643.625,240481.77814424408,-838.1531442440755
7.525,239959.75,240161.09414055347,-201.3441405534686
7.545,238977.0469,239840.70777583678,-863.6608758367947
7.565,239698.5938,239520.6201045053,177.97369549470022
7.585,239547.3906,239200.83216465978,346.55843534023734
7.605,238491.2969,238881.34497830458,-390.0480783045932
7.625,238984.25,238562.1595515589,422.0904484411003
7.645,237556.9688,238243.27687486462,-686.3080748646171
7.665,237355.0781,237924.69792319066,-569.6198231906455
7.685,236888.2656,237606.42365623458,-718.1580562345625
7.705,236758.3125,237288.45501862044,-530.1425186204433
7.725,236306.0156,236970.7929400943,-664.777340094297
7.745,236288.7188,236653.43833571588,-364.719535715878
7.765,236996.375,236336.3921060483,659.9828939517029
7.785,236562.3438,236019.65513734354,542.6886626564665
7.805,235960.1094,235703.2283017265,256.88109827347216
7.825,235142.2188,235387.1124573751,-244.89365737509797
7.845,234733.2344,235071.30844869826,-338.0740486982686
7.865,235456.625,234755.81710651077,700.8078934892255
7.885,234536.0313,234440.63924820596,95.39205179404235
7.905,233730.2031,234125.77567792535,-395.57257792534074
7.925,233619.7188,233811.2271867258,-191.50838672579266
7.945,233000.1406,233496.99455274423,-496.853952744219
7.965,232065.4531,233183.07854136004,-1117.6254413600254
7.985,232869.9375,232869.47990535447,0.4575946455297526
8.005,232660.6719,232556.19938506838,104.4725149316073
8.025,231989.6406,232243.23770855705,-253.59710855703452
8.045,231214.5781,231930.59559174307,-716.0174917430559
8.065,230959.3594,231618.27373856635,-658.9143385663629
8.085,230524.9063,231306.27284113286,-781.3665411328548
8.105,230245.5938,230994.59357986043,-748.9997798604309
8.125,230572.0313,230683.2366236224,-111.20532362238737
8.145,230427.4688,230372.20262988977,55.26617011023336
8.165,229173.875,230061.4922448704,-887.6172448704019
8.185,229108.3125,229751.10610364686,-642.79360364686
8.205,228132.5469,229441.04483031225,-1308.4979303122673
8.225,229252.0938,229131.30903810324,120.7847618967644
8.245,228031.9375,228821.8993295322,-789.9618295321998
8.265,228253.7656,228512.81629651683,-259.05069651681697
8.285,228326.5781,228204.06052050804,122.51757949197781
8.305,227229.5,227895.6325726158,-666.1325726158102
8.325,226833.9219,227587.53301373366,-753.6111137336702
8.345,227482.1094,227279.76239466105,202.34700533893192
8.365,227699.0938,226972.3212562239,726.772543776111
8.385,225570.4063,226665.21012939356,-1094.8038293935533
8.405,225597.75,226358.4295354042,-760.6795354041969
8.425,225572.25,226051.97998586824,-479.72998586823815
8.445,225526.9375,225745.8619828903,-218.92448289028835
8.465,224714.1875,225440.07601917963,-725.8885191796289
8.485,225130.5313,225134.62257816072,-4.0912781607185025
8.505,224851.4844,224829.50213408252,21.982265917467885
8.525,224358.8594,224524.71515212607,-165.85575212608092
8.545,224455.1875,224220.26208851056,234.92541148944292
8.565,223769.5781,223916.1433905981,-146.56529059808236
8.585,222990.6875,223612.35949699668,-621.6719969966798
8.605,223053.4219,223308.9108376622,-255.4889376622159
8.625,223161.3125,223005.79783399854,155.51466600145795
8.645,223494.4531,222703.02089895643,791.4322010435862
8.665,222530.3906,222400.58043713126,129.8101628687582
8.685,222161.1563,222098.47684485913,62.6794551408675
8.705,223004.8594,221796.7105103118,1208.1488896881929
8.725,221091.6563,221495.28181359015,-403.6255135901447
8.745,220690.4219,221194.1911268165,-503.76922681651195
8.765,220557.3281,220893.43881422575,-336.1107142257388
8.785,219774.4531,220593.02523225523,-818.5721322552126
8.805,219725.7656,220292.9507296328,-567.185129632795
8.825,219933.7969,219993.21564746465,-59.418747464660555
8.845,219836.5781,219693.82031932153,142.75778067848296
8.865,219326.8906,219394.7650713235,-67.87447132347734
8.885,219968.7969,219096.0502222236,872.7466777763912
8.905,218803.8125,218797.67608349104,6.136416508961702
8.925,218813.1563,218499.6429593927,313.5133406073146
8.945,218603.9531,218201.95114707339,402.0019529266283
8.965,218036.875,217904.60093663548,132.2740633645153
8.985,218156.8594,217607.59261121738,549.2667887826101
9.005,217378.25,217310.92644707052,67.32355292947614
9.025,218405.7969,217014.60271363627,1391.1941863637185
9.045,216638.8906,216718.6216736204,-79.7310736203799
9.065,217009.8125,216422.9835830681,586.8289169319032
9.085,217161.375,216127.688691437,1033.6863085629884
9.105,216419.2656,215832.7372416696,586.5283583304263
9.125,216436.8125,215538.12947026448,898.6830297355191
9.145,216329.0313,215243.86560734702,1085.1656926529831
9.165,215109.2656,214949.94587673878,159.31972326122923
9.185,216596.4063,214656.3704960261,1940.0358039739076
9.205,215497.3281,214363.13967662808,1134.188423371932
9.225,214730.375,214070.25362386316,660.1213761368417
9.245,214810.3125,213777.7125370152,1032.5999629847938
9.265,215725.3438,213485.51660939868,2239.827190601325
9.285,214449.4688,213193.66602842291,1255.8027715770877
9.305,214886.625,212902.1609756555,1984.4640243444883
9.325,215736.3438,212611.0016268851,3125.3421731149137
9.345,215699.5938,212320.18815218296,3379.4056478170387
9.365,215419.9063,212029.72071596456,3390.18558403544
9.385,215831.0625,211739.59947704905,4091.4630229509494
9.405,214618.8125,211449.82458871958,3168.987911280419
9.425,215168.6719,211160.3961987815,4008.2757012184884
9.445,214198.1094,210871.3144496205,3326.7949503794953
9.465,213944.4063,210582.5794782599,3361.8268217401055
9.485,214301.9688,210294.19141641725,4007.777383582754
9.505,212824.7344,210006.1503905599,2818.584009440092
9.525,212263.8281,209718.45652196053,2545.371578039485
9.545,212283.1563,209431.1099267512,2852.046373248799
9.565,212195.0625,209144.11071597718,3050.951784022822
9.585,211652.5625,208857.45899565014,2795.103504349856
9.605,211005.3281,208571.15486680059,2434.173233199428
9.625,210541.25,208285.19842552932,2256.051574470679
9.645,209427.7969,207999.58976305884,1428.2071369411424
9.665,208915.7031,207714.32896578376,1201.3741342162539
9.685,208633.2656,207429.41611532052,1203.849484679493
9.705,208205.0313,207144.85128855682,1060.1800114431826
9.725,208317.3906,206860.63455770013,1456.7560422998795
9.745,207635.3281,206576.76599032566,1058.5621096743562
9.765,207824.4219,206293.2456494239,1531.1762505760998
9.785,207226.4375,206010.07359344745,1216.3639065525495
9.805,206634.2188,205727.24987635727,906.9689236427366
9.825,206332.0938,205444.77454766846,887.3192523315374
9.845,206759.6406,205162.6476524953,1596.9929475047102
9.865,205830.7188,204880.8692315961,949.849568403908
9.885,206214.75,204599.43932141695,1615.310678583046
9.905,206296.8594,204318.35795413543,1978.50144586456
9.925,204392.2813,204037.62515770365,354.65614229635685
9.945,204728.6875,203757.2409558908,971.4465441092034
9.965,204076.3906,203477.20536832465,599.1852316753648
9.985,204780.8594,203197.51841053372,1583.3409894662618
10.005,204402.6875,202918.18009398784,1484.5074060121551
10.025,203998.0625,202639.19042613875,1358.8720738612465
10.045,203233.6719,202360.54941045988,873.1224895401101
10.065,203303.5469,202082.25704648628,1221.2898535137065
10.085,203036.5625,201804.31332985335,1232.2491701466497
10.105,202424.875,201526.71825233562,898.1567476643831
10.125,202848.9688,201249.47180188465,1599.4969981153554
10.145,201605.2344,200972.57396266708,632.6604373329028
10.165,202077.8594,200696.02471510135,1381.8346848986403
10.185,201012.7813,200419.82403589512,592.9572641048871
10.205,200549.8438,200143.97189808107,405.87190191893023
10.225,201547.75,199868.46827105322,1679.2817289467785
10.245,199683.1719,199593.3131206023,89.8587793976767
10.265,200640.2344,199318.50640895072,1321.7279910492653
10.285,198720.875,199044.04809478758,-323.1730947875767
10.305,198306.8594,198769.93813330267,-463.07873330268194
10.325,197862.4688,198496.17647622054,-633.7076762205397
10.345,197979.8906,198222.7630718339,-242.87247183389263
10.365,198438.0625,197949.69786503675,488.3646349632472
10.385,198119.625,197676.98079735713,442.64420264287037
10.405,197377.125,197404.61180698953,-27.486806989531033
10.425,196992.1563,197132.59082882665,-140.4345288266486
10.445,196803.5,196860.91779449125,-57.4177944912517
10.465,197104.0625,196589.59263236733,514.4698676326661
10.485,196036.2969,196318.61526763093,-282.3183676309418
10.505,195772.3281,196047.98562228066,-275.6575222806423
10.525,196261.75,195777.70361516808,484.04638483191957
10.545,196022.4375,195507.76916202743,514.6683379725728
10.565,196356.5,195238.1821755051,1118.3178244949086
10.585,195459.5,194968.94256518868,490.55743481131503
10.605,194954.8125,194700.0502376362,254.7622623638017
10.625,194947.5781,194431.50509640423,516.0730035957822
10.645,194313.5781,194163.30704207637,150.27105792364455
10.665,194442.7813,193895.45597229077,547.3253277092299
10.685,193493.0469,193627.95178176818,-134.90488176819053
10.705,194959.6563,193360.7943623388,1598.8619376611896
10.725,193052.5625,193093.9836029695,-41.42110296949977
10.745,193790.6563,192827.5193897901,963.1369102098979
10.765,194095.5156,192561.40160612034,1534.1139938796696
10.785,192565.5469,192295.6301324952,269.9167675047938
10.805,193231.5781,192030.20484669128,1201.3732533087314
10.825,192764.0625,191765.125623752,998.9368762479862
10.845,193089.2813,191500.39233601265,1588.8889639873523
10.865,192363.5938,191236.0048531259,1127.588946874108
10.885,193119.625,190971.9630420856,2147.661957914388
10.905,191183.0469,190708.26676725197,474.78013274801197
10.925,191536.25,190444.91589037512,1091.3341096248769
10.945,191015.125,190181.91027061924,833.2147293807648
10.965,191223.6094,189919.24976458622,1304.3596354137699
10.985,191093.25,189656.93422633843,1436.3157736615685
11.005,190840.0156,189394.9635074225,1445.0520925775054
11.025,190371.6719,189133.3374568918,1238.3344431081787
11.045,189820.2656,188872.05592132907,948.2096786709444
11.065,189843.3125,188611.11874486852,1232.1937551314768
11.085,188609.7031,188350.5257692183,259.1773307817057
11.105,189622.7813,188090.27683368215,1532.504466317856
11.125,188573.0469,187830.37177518112,742.6751248188666
11.145,188655.2031,187570.8104282746,1084.3926717254217
11.165,187943.6563,187311.59262518192,632.0636748180841
11.185,188380.7344,187052.71819580306,1328.0162041969306
11.205,187530.9531,186794.1869677394,736.7661322606145
11.225,187126.9375,186535.99876631418,590.9387336858199
11.245,186241.25,186278.1534145926,-36.903414592612535
11.265,186281.1719,186020.65073340212,260.52116659787134
11.285,185442.875,185763.49054135237,-320.61554135236656
11.305,186431.5469,185506.67265485416,924.8742451458238
11.325,185017.7813,185250.19688813976,-232.41558813976008
11.345,184766.2344,184994.06305328137,-227.82865328137996
11.365,184474.3594,184738.27096021053,-263.91156021054485
11.385,184046.125,184482.82041673674,-436.69541673673666
11.405,184278.9375,184227.71122856627,51.22627143372665
11.425,183842.3438,183972.94319932032,-130.59939932031557
11.445,183822.2344,183718.51613055335,103.7182694466319
11.465,184235.9844,183464.42982177113,771.5545782288536
11.485,182908.7344,183210.68407044865,-301.94967044866644
11.505,184107.3281,182957.27867204754,1150.049427952472
11.525,181586.4688,182704.21342003375,-1117.7446200337436
11.545,182265.6406,182451.4881058948,-185.84750589478062
11.565,182292.9844,182199.10251915676,93.8818808432261
11.585,181709.3594,181947.05644740124,-237.6970474012487
11.605,181379.2969,181695.34967628238,-316.0527762823913
11.625,181909.0781,181443.98198954307,465.0961104569433
11.645,181282.125,181192.95316903153,89.17183096846566
11.665,181027.7813,180942.2629947176,85.51830528239952
11.685,180485.3125,180691.91124470864,-206.59874470863724
11.705,180350.6875,180441.89769526583,-91.21019526582677
11.725,180140.5781,180192.22212081918,-51.644020819163416
11.745,180264.5313,179942.88429398416,321.6470060158463
11.765,180258.1406,179693.88398557605,564.2566144239681
11.785,180276.9063,179445.220964626,831.6853353740007
11.805,178936.1875,179196.89499839582,-260.7074983958155
11.825,179631.9219,178948.90585239284,683.0160476071469
11.845,178054.875,178701.25329038507,-646.3782903850661
11.865,178219.7188,178453.93707441544,-234.21827441544156
11.885,177973.7031,178206.9569648168,-233.25386481679743
11.905,177897.125,177960.3127202257,-63.18772022568737
11.925,177751.8438,177714.00409759712,37.83970240288181
11.945,177445.9688,177468.03085221833,-22.06205221833079
11.965,177317.7031,177222.3927377228,95.31036227720324
11.985,176728.0156,176977.0895061041,-249.07390610408038
12.005,177260.3906,176732.1209077294,528.2696922706091
12.025,176755.0938,176487.48669135332,267.6071086466836
12.045,176076.0156,176243.18660413098,-167.1710041309707
12.065,175306.125,175999.22039163136,-693.0953916313592
12.085,175596.0156,175755.58779785034,-159.57219785032794
12.105,175631.6563,175512.28856522412,119.36773477587849
12.125,175590.1406,175269.32243464148,320.8181653585343
12.145,175189.9531,175026.6891454569,163.26395454310114
12.165,174707.3594,174784.38843550315,-77.02903550316114
12.185,174422.6719,174542.42004110353,-119.74814110354055
12.205,174149.3281,174300.78369708464,-151.4555970846268
12.225,174298.3438,174059.47913678817,238.86466321183252
12.245,173982.625,173818.50609208344,164.11890791656333
12.265,174021.4531,173577.86429337907,443.5888066209445
12.285,173356.0625,173337.55346963514,18.509030364861246
12.305,172471.5,173097.57334837478,-626.0733483747754
12.325,173893.5938,172857.92365569598,1035.670144304022
12.345,172690.5,172618.6041162828,71.89588371719583
12.365,172800.2969,172379.61445341737,420.6824465826212
12.385,172446.7031,172140.9543889906,305.74871100942255
12.405,172148.1563,171902.62364351394,245.53265648605884
12.425,171486.7031,171664.62193613002,-177.9188361300039
12.445,172429.5,171426.94898462403,1002.5510153759678
12.465,171906.875,171189.6045054342,717.2704945658043
12.485,171114.6406,170952.58821366302,162.052386336989
12.505,171781.9844,170715.89982308773,1066.0845769122534
12.525,170436.8125,170479.53904617074,-42.72654617074295
12.545,170806.2188,170243.5055940704,562.7132059296127
12.565,170414.8281,170007.7991766513,407.0289233487274
12.585,170234.125,169772.41950249422,461.70549750578357
12.605,169114.2969,169537.36627890688,-423.06937890689005
12.625,169602.4219,169302.63921193357,299.78268806642154
12.645,169675.125,169068.23800636543,606.8869936345727
12.665,168536.8906,168834.16236575015,-297.27176575013436
12.685,169862.6719,168600.41199240176,1262.259907598229
12.705,168488.0469,168366.9865874106,121.06031258939765
12.725,168769.7969,168133.88585065253,635.9110493474582
12.745,168645.7344,167901.10948079897,744.6249192010146
12.765,168394.125,167668.6571753258,725.4678246742114
12.785,168003.5313,167436.52863052307,567.0026694769331
12.805,167819.6875,167204.72354150424,614.9639584957622
12.825,168084.8438,166973.24160221507,1111.6021977849305
12.845,167314.3125,166742.08250544316,572.2299945568375
12.865,167213.2188,166511.2459428264,701.9728571735905
12.885,166962.0,166280.7316048625,681.2683951375075
12.905,167284.9063,166050.53918091726,1234.3671190827445
12.925,167746.8125,165820.66835923385,1926.1441407661478
12.945,166945.7813,165591.11882694095,1354.6624730590556
12.965,166671.2969,165361.89027006182,1309.4066299381666
12.985,167264.75,165132.98237352245,2131.767626477551
13.005,166944.6563,164904.3948211603,2040.261478839704
13.025,166247.9688,164676.12729573244,1571.8415042675624
13.045,166666.4531,164448.17947892396,2218.2736210760486
13.065,166185.5781,164220.55105135604,1965.0270486439695
13.085,166481.0625,163993.24169259417,2487.820807405835
13.105,165694.8281,163766.25108115628,1928.577018843731
13.125,166121.9844,163539.5788945206,2582.4055054794007
13.145,165652.7656,163313.22480913354,2339.5407908664783
13.165,165971.3281,163087.18850041766,2884.139599582355
13.185,165147.2188,162861.46964277935,2285.749157220649
13.205,165225.1719,162636.06790961666,2589.10399038333
13.225,165084.7656,162410.98297332658,2673.7826266734337
13.245,164629.0781,162186.21450531302,2442.863594686991
13.265,164210.3281,161961.76217599402,2248.5659240059904
13.285,164003.8906,161737.62565480926,2266.264945190749
13.305,163914.7969,161513.8046102275,2400.99228977249
13.325,164168.0,161290.2987097536,2877.7012902463903
13.345,163378.2969,161067.10761993608,2311.1892800639034
13.365,162699.7656,160844.23100637412,1855.5345936258964
13.385,162459.0781,160621.6685337244,1837.4095662756008
13.405,162112.9063,160399.41986570874,1713.4864342912624
13.425,162616.5313,160177.48466512043,2439.0466348795744
13.445,161730.7344,159955.86259383152,1774.871806168463
13.465,161656.5781,159734.55331279954,1922.0247872004693
13.485,161810.3906,159513.5564820742,2296.834117925813
13.505,161643.2656,159292.8717608044,2350.3938391956035
13.525,160441.9688,159072.4988072445,1369.4699927555048
13.545,160481.4219,158852.4372787612,1628.9846212387783
13.565,159838.3125,158632.68683184002,1205.625668159977
13.585,159661.375,158413.24712209174,1248.127877908264
13.605,159705.6094,158194.11780425877,1511.4915957412159
13.625,159160.1563,157975.29853222182,1184.8577677781868
13.645,159316.0156,157756.7889590058,1559.226640994224
13.665,159559.6094,157538.58873678645,2021.0206632135378
13.685,158922.0469,157320.69751689612,1601.349383103865
13.705,158799.7969,157103.11494983063,1696.6819501693535
13.725,159377.7188,156885.8406852545,2491.8781147455156
13.745,157922.4219,156668.87437200762,1253.5475279923703
13.765,157859.375,156452.21565811094,1407.1593418890552
13.785,157669.6875,156235.86419077273,1433.8233092272712
13.805,156764.5781,156019.819616394,744.7584836060123
13.825,157407.9063,155804.08158057468,1603.82471942532
13.845,156465.75,155588.6497281193,877.100271880714
13.865,155946.4375,155373.5237030428,572.9137969572039
13.885,156331.9219,155158.70314857614,1173.2187514238467
13.905,155435.6875,154944.18770717183,491.4997928281664
13.925,155597.9219,154729.9770205098,867.9448794901837
13.945,155109.4063,154516.07072950277,593.3355704972346
13.965,155149.8125,154302.46847430168,847.3440256983158
13.985,154688.4375,154089.16989430125,599.2676056987548
14.005,154007.5313,153876.17462814532,131.356671854679
14.025,153295.2031,153663.48231373233,-368.2792137323122
14.045,153460.3438,153451.09258822043,9.25121177957044
14.065,153414.8281,153239.0050880329,175.8230119671207
14.085,152510.2188,153027.21944886315,-517.000648863148
14.105,153072.9375,152815.73530568043,257.2021943195723
14.125,153284.6719,152604.55229273404,680.1196072659513
14.145,152108.2969,152393.67004355945,-285.3731435594673
14.165,151785.5625,152183.08819098264,-397.5256909826421
14.185,151978.5313,151972.8063671252,5.72493287481484
14.205,151641.7969,151762.82420340955,-121.02730340955895
14.225,150753.9688,151553.1413305637,-799.1725305636937
14.245,150481.4219,151343.75737862615,-862.3354786261625
14.265,150781.9375,151134.6719769505,-352.73447695051436
14.285,150320.1406,150925.8847542108,-605.7441542107845
14.305,150706.3906,150717.3953384056,-11.004738405579701
14.325,149901.1406,150509.20335686317,-608.0627568631608
14.345,150186.5469,150301.30843624604,-114.76153624604922
14.365,149775.2656,150093.71020255555,-318.44460255553713
14.385,149472.9375,149886.40828113654,-413.47078113653697
14.405,150508.6719,149679.4022966819,829.2696033180982
14.425,150220.9531,149472.6918732369,748.2612267631048
14.445,149334.3906,149266.27663420408,68.11396579592838
14.465,148980.8125,149060.15620234728,-79.34370234727976
14.485,148581.8125,148854.33019979633,-272.5176997963281
14.505,148701.1094,148648.79824805117,52.31115194881568
14.525,147217.4688,148443.55996798637,-1226.0911679863639
14.545,148217.0625,148238.61497985554,-21.552479855541606
14.565,147885.3906,148033.96290329532,-148.57230329531012
14.585,148233.4375,147829.60335732962,403.8341426703846
14.605,147512.9531,147625.5359603741,-112.58286037409562
14.625,147041.6719,147421.76033024007,-380.0884302400809
14.645,146969.9375,147218.2760841388,-248.33858413880807
14.665,147049.1563,147015.0828386853,34.073461314692395
14.685,146712.7031,146812.18020990278,-99.47710990277119
14.705,146413.8125,146609.56781322655,-195.7553132265457
14.725,146213.5938,146407.24526350768,-193.65146350767463
14.745,146329.2969,146205.21217501743,124.08472498256015
14.765,145799.0938,146003.46816145087,-204.37436145087122
14.785,145597.9375,145802.0128359311,-204.0753359310911
14.805,145009.2656,145600.84581101258,-591.580211012566
14.825,145449.0938,145399.96669868563,49.12710131437052
14.845,144786.9063,145199.37511037954,-412.46881037953426
14.865,145307.4688,144999.07065696697,308.3981430330314
14.885,144565.1563,144799.0529487672,-233.89664876720053
14.905,144665.0313,144599.32159555022,65.70970444977866
14.925,143953.5,144399.8762065401,-446.37620654009515
14.945,144535.7656,144200.71639041897,335.04920958104776
14.965,144022.4844,144001.8417553302,20.64264466977329
14.985,143485.7344,143803.25190888252,-317.51750888253446
15.005,143489.9844,143604.9464581531,-114.96205815311987
15.025,143102.6563,143406.92500969133,-304.2687096913287
15.045,144031.8125,143209.18716952257,822.6253304774291
15.065,142862.4063,143011.73254315092,-149.32624315092107
15.085,142368.2188,142814.56073556337,-446.34193556336686
15.105,142407.875,142617.6713512331,-209.7963512330898
15.125,142243.5,142421.06399412235,-177.56399412234896
15.145,142204.9219,142224.73826768665,-19.816367686667945
15.165,141355.75,142028.69377487732,-672.9437748773198
15.185,141439.5469,141832.93011814528,-393.383218145289
15.205,141901.0,141637.44689944445,263.5531005555531
15.225,141460.375,141442.2437202345,18.131279765511863
15.245,141498.2969,141247.32018148448,250.97671851550695
15.265,141145.6094,141052.67588367598,92.933516324003
15.285,141144.8281,140858.3104268063,286.5176731937099
15.305,140681.7813,140664.22341039154,17.557889608462574
15.325,140950.4844,140470.41443346976,480.0699665302236
15.345,139719.0938,140276.88309460424,-557.7892946042411
15.365,140133.0,140083.62899188642,49.37100811357959
15.385,140457.1875,139890.65172293896,566.5357770610426
15.405,139728.8125,139697.95088491886,30.8616150811431
15.425,139707.3594,139505.52607452043,201.83332547955797
15.445,139554.4375,139313.37688797832,241.06061202168348
15.465,139183.8125,139121.50292107053,62.30957892947481
15.485,138702.5938,138929.9037691212,-227.3099691212119
15.505,139575.7656,138738.57902700373,837.1865729962883
15.525,138528.9531,138547.52828914358,-18.575189143564785
15.545,137928.8594,138356.75114952103,-427.89174952104804
15.565,138084.3906,138166.24720167447,-81.85660167445894
15.585,137741.1406,137976.01603870268,-234.8754387026711
15.605,138248.625,137786.05725326794,462.5677467320638
15.625,137886.2188,137596.37043759902,289.8483624009823
15.645,137375.625,137406.95518349335,-31.330183493351797
15.665,137149.7656,137217.8110823206,-68.0454823205946
15.685,137475.0,137028.93772502444,446.06227497555665
15.705,137306.6875,136840.33470212627,466.35279787372565
15.725,136840.6875,136652.0016037271,188.68589627288748
15.745,136072.7656,136463.93801951053,-391.17241951051983
15.765,136649.9219,136276.14353874556,373.7783612544299
15.785,136584.75,136088.61775028883,496.1322497111687
15.805,136167.4375,135901.36024258766,266.07725741234026
15.825,136315.5781,135714.37060368227,601.2074963177438
15.845,135316.5938,135527.64842120867,-211.05462120866287
15.865,135627.3594,135341.19328240067,286.1661175993213
15.885,135428.4219,135155.00477409334,273.41712590664974
15.905,135728.0156,134969.08248272448,758.9331172755337
15.925,135371.7188,134783.42599433777,588.2928056622331
15.945,135096.8438,134598.03489458517,498.8089054148295
15.965,135462.4688,134412.90876872893,1049.560031271074
15.985,135123.6719,134228.0472016449,895.6246983550955
16.005,134668.4219,134043.44977782396,624.9721221760265
16.025,134321.3125,133859.11608137505,462.19641862495337
16.045,134259.7656,133675.04569602731,584.7199039726984
16.065,133998.6875,133491.23820513266,507.44929486734327
16.085,133755.1719,133307.69319166773,447.478708332259
16.105,133297.5625,133124.41023823668,173.15226176331635
16.125,133098.8906,132941.38892707316,157.50167292685364
16.145,133449.8906,132758.6288400428,691.2617599572113
16.165,132766.8125,132576.1295586454,190.68294135460746
16.185,132370.9531,132393.8906640173,-22.937564017280238
16.205,132723.4531,132211.91173693325,511.5413630667608
16.225,131766.9531,132030.19235780917,-263.23925780915306
16.245,131352.9219,131848.73210670394,-495.8102067039581
16.265,131817.9688,131667.53056332195,150.43823667804827
16.285,131044.6406,131486.58730701497,-441.94670701496943
16.305,132275.2656,131305.90191678435,969.3636832156626
16.325,131089.3125,131125.47397128333,-36.16147128332523
16.345,131407.0313,130945.30304881922,461.7282511807862
16.365,130636.6797,130765.38872735518,-128.70902735518757
16.385,130376.8438,130585.73058451267,-208.88678451266605
16.405,130692.6641,130406.32819757314,286.3359024268575
16.425,130250.9219,130227.18114348067,23.740756519327988
16.445,129624.125,130048.28899884343,-424.16399884343264
16.465,130698.8906,129869.65133993616,829.2392600638414
16.485,130129.625,129691.26774270186,438.35725729813566
16.505,129923.5,129513.13778275409,410.3622172459145
16.525,129633.5703,129335.26103537876,298.30926462124626
16.545,129947.8438,129157.63707553636,790.2067244636419
16.565,129252.3594,128980.26547786336,272.0939221366425
16.585,128899.0,128803.1458166748,95.85418332519475
16.605,128920.9375,128626.27766596618,294.65983403382415
16.625,128439.8125,128449.66059941474,-9.848099414739409
16.645,128334.7188,128273.29419038212,61.42460961788311
16.665,128467.6484,128097.17801191578,370.47038808422803
16.685,127690.75,127921.31163675108,-230.5616367510811
16.705,127154.0156,127745.69463731327,-591.679037313268
16.725,127381.9063,127570.32658571901,-188.42028571901028
16.745,127179.0234,127395.20705377843,-216.18365377842565
16.765,127058.0938,127220.3356129969,-162.241812996901
16.785,127763.5625,127045.711834577,717.8506654230005
16.805,126540.0391,126871.33528941998,-331.2961894199834
16.825,127167.2031,126697.20554812791,469.9975518720894
16.845,126525.7188,126523.3221810052,2.3966189947968815
16.865,126345.5625,126349.68475806063,-4.122258060626336
16.885,126382.0391,126176.29284900878,205.74625099121477
16.905,125980.2969,126003.14602327195,-22.84912327195343
16.925,126057.6406,125830.24384998197,227.3967500180297
16.945,126216.9219,125657.58589798177,559.3360020182299
16.965,126252.8438,125485.171735827,767.6720641730062
16.985,124883.9453,125313.000931788,-429.0556317879964
17.005,126077.5703,125141.07305385127,936.4972461487341
17.025,124345.0,124969.3876697212,-624.3876697211963
17.045,124223.3984,124797.94434682158,-574.5459468215704
17.065,124462.3906,124626.74265229778,-164.35205229777785
17.085,123827.1641,124455.78215301746,-628.6180530174606
17.105,125007.5469,124285.06241557296,722.484484427041
17.125,124098.0938,124114.58300628277,-16.489206282771192
17.145,123514.0156,123944.34349119288,-430.3278911928792
17.165,124243.9688,123774.34343607852,469.6253639214847
17.185,124163.1406,123604.5824064457,558.5581935543014
17.205,123561.5625,123435.05996753287,126.50253246712964
17.225,123312.6172,123265.77568431228,46.84151568771631
17.245,123425.4375,123096.72912149182,328.7083785081777
17.265,123222.4844,122927.91984351623,294.56455648377596
17.285,123640.2969,122759.34741456877,880.9494854312361
17.305,122684.7656,122591.0113985728,93.75420142720395
17.325,122793.0703,122422.91135919315,370.15894080685393
17.345,122764.0938,122255.04685983776,509.0469401622395
17.365,121860.3203,122087.4174636589,-227.09716365889471
17.385,122025.3359,121920.02273355488,105.31316644512117
17.405,121821.3125,121752.86223217164,68.45026782836067
17.425,121449.5391,121585.93552190371,-136.39642190371524
17.445,121223.0938,121419.24216489606,-196.1483648960566
17.465,121002.5156,121252.78172304538,-250.2661230453814
17.485,120856.9375,121086.55375800148,-229.61625800147885
17.505,121141.5781,120920.55783116892,221.02026883108192
17.525,121300.375,120754.793503708,545.5814962919976
17.545,120693.7656,120589.26033653648,104.50526346352126
17.565,120170.0469,120423.95789033109,-253.91099033108912
17.585,120777.4453,120258.8857255283,518.5595744717139
17.605,119641.9688,120094.04340232626,-452.0746023262618
17.625,120094.2188,119929.43048068596,164.7883193140442
17.645,120557.7734,119765.04652033266,792.7268796673452
17.665,119366.1406,119600.89108075685,-234.75048075684754
17.685,119183.0234,119436.96372121605,-253.9403212160396
17.705,119197.8906,119273.26400073594,-75.37340073594532
17.725,119237.8203,119109.7914781117,128.028821888307
17.745,119250.6953,118946.54571190926,304.14958809074597
17.765,119124.5703,118783.52626046649,341.0440395335172
17.785,118385.5859,118620.73268189465,-235.1467818946403
17.805,118189.7188,118458.16453407955,-268.44573407954886
17.825,117965.0469,118295.82137468318,-330.77447468317405
17.845,118073.8438,118133.70276114429,-59.858961144287605
17.865,118658.375,117971.80825068017,686.5667493198271
17.885,118858.0,117810.13740028763,1047.8625997123745
17.905,118255.6406,117648.68976674456,606.9508332554396
17.925,117627.2188,117487.4649066107,139.75389338930836
17.945,118257.5938,117326.46237622906,931.1314237709448
17.965,117617.8359,117165.68173172728,452.15416827272566
17.985,117117.4453,117005.12252901868,112.32277098132181
18.005,117310.9688,116844.78432380335,466.1844761966495
18.025,116650.2422,116684.6666715695,-34.42447156950948
18.045,116826.4375,116524.76912759455,301.66837240544555
18.065,116416.2891,116365.09124694642,51.197853053570725
18.085,117228.5156,116205.63258448447,1022.8830155155301
18.105,116081.5156,116046.39269486081,35.122905139185605
18.125,115869.6172,115887.37113252154,-17.75393252154754
18.145,115241.4453,115728.56745170747,-487.1221517074591
18.165,115707.8203,115569.98120645575,137.8390935442585
18.185,115479.5938,115411.61195060075,67.98184939924977
18.205,114862.9453,115253.45923777517,-390.51393777516205
18.225,114741.5938,115095.52262141103,-353.92882141102746
18.245,115104.6406,114937.80165474115,166.83894525884534
18.265,114869.8984,114780.29589079991,89.60250920009275
18.285,114460.4141,114623.00488242446,-162.59078242446412
18.305,114533.9688,114465.92818225568,68.04061774432193
18.325,114387.5156,114309.06534273933,78.45025726067252
18.345,114009.1719,114152.41591612714,-143.244016127137
18.365,114858.5938,113995.979454478,862.6143455220008
18.385,114384.1719,113839.75550965863,544.4163903413719
18.405,113346.8984,113683.74363334503,-336.8452333450259
18.425,113454.7734,113527.94337702316,-73.16997702314984
18.445,113503.6641,113372.35429199033,131.3098080096679
18.465,113659.3203,113216.97592935599,442.3443706440157
18.485,112958.2734,113061.80784004257,-103.53444004256744
18.505,113020.0938,112906.84957478705,113.24422521295492
18.525,112929.8438,112752.10068414142,177.7431158585823
18.545,112799.5938,112597.56071847383,202.03308152616955
18.565,112169.0469,112443.22922796998,-274.1823279699747
18.585,112402.1953,112289.10576263333,113.08953736667172
18.605,112615.4688,112135.18987228668,480.278927713327
18.625,112082.4453,111981.48110657306,100.96419342694571
18.645,111938.9688,111827.9790149564,110.98978504359548
18.665,111578.0938,111674.68314672288,-96.58934672287432
18.685,111613.5938,111521.59305098155,92.00074901845073
18.705,111044.0156,111368.70827666548,-324.69267666547967
18.725,111557.8438,111216.02837253253,341.81542746747436
18.745,111243.9688,111063.55288716662,180.41591283338494
18.765,110635.9922,110911.28136897822,-275.28916897822637
18.785,110179.1953,110759.21336620564,-580.0180662056373
18.805,110266.6484,110607.3484269155,-340.700026915496
18.825,110639.6484,110455.68609900426,183.96230099574313
18.845,110683.3203,110304.22593019869,379.0943698013143
18.865,110266.4219,110152.96746805668,113.45443194331892
18.885,110069.2266,110001.91025996862,67.31634003137879
18.905,109673.8203,109851.05385315772,-177.23355315771187
18.925,109851.7734,109700.39779468147,151.37560531853524
18.945,109973.5,109549.94163143188,423.5583685681195
18.965,109276.2656,109399.68491013686,-123.41931013685826
18.985,108809.3203,109249.62717736086,-440.30687736085383
19.005,109052.9688,109099.76797950584,-46.79917950583331
19.025,109185.3984,108950.10686281195,235.29153718805173
19.045,108855.5781,108800.6433733586,54.93472664139699
19.065,108869.3516,108651.37705706515,217.97454293484043
19.085,108310.25,108502.30745969182,-192.0574596918159
19.105,108411.0469,108353.43412684038,57.6127731596207
19.125,108260.2266,108204.75660395517,55.46999604481971
19.145,108169.1172,108056.27443632386,112.84276367613347
19.165,107881.2422,107907.98716907826,-26.744969078266877
19.185,107419.7656,107759.89434719505,-340.1287471950491
19.205,107236.0234,107611.99551549679,-375.9721154967847
19.225,107553.6016,107464.2902186524,89.31138134759385
19.245,106738.9688,107316.7780011784,-577.8092011784029
19.265,106979.6953,107169.45840743919,-189.76310743918293
19.285,106979.4297,107022.3309816484,-42.9012816484028
19.305,106999.3906,106875.39526786905,123.995332130944
19.325,106892.6016,106728.65081001491,163.95078998508689
19.345,106963.3672,106582.09715185089,381.2700481491047
19.365,106745.6406,106435.73383699391,309.906763006089
19.385,105799.6484,106289.56040891373,-489.91200891372864
19.405,106237.6172,106143.57641093372,94.04078906627547
19.425,105128.7813,105997.78138623152,-869.000086231521
19.445,105621.1719,105852.1748778397,-231.00297783970018
19.465,105861.6953,105706.75642864683,154.93887135318073
19.485,105673.5234,105561.52558139797,111.99781860203075
19.505,106330.8438,105416.48187869543,914.3619213045749
19.525,104528.4688,105271.62486299934,-743.1560629993328
19.545,104912.8047,105126.95407662884,-214.14937662884768
19.565,104296.0938,104982.46906176262,-686.375261762616
19.585,104478.7188,104838.16936043913,-359.45056043913064
19.605,104734.6016,104694.05451455804,40.54708544195455
19.625,104277.4453,104550.12406588043,-272.6787658804242
19.645,104504.0469,104406.37755602981,97.66934397019213
19.665,103857.8438,104262.81452649273,-404.9707264927274
19.685,103570.8438,104119.43451861916,-548.5907186191616
19.705,103580.1953,103976.23707362382,-396.04177362381597
19.725,104078.4219,103833.22173258623,245.20016741377185
19.745,103416.7656,103690.38803645184,-273.6224364518421
19.765,103110.9219,103547.73552603247,-436.81362603246816
19.785,103269.7266,103405.2637420071,-135.53714200710237
19.805,102954.3984,103262.97222492231,-308.5738249223068
19.825,103250.4219,103120.86051519346,129.56138480654045
19.845,103327.25,102978.92815310469,348.3218468953128
19.865,102791.6016,102837.17467881012,-45.57307881012093
19.885,102389.7266,102695.59963233428,-305.87303233428975
19.905,102404.5234,102554.20255357272,-149.67915357270977
19.925,103111.3438,102412.98298229263,698.3608177073766
19.945,101881.2109,102271.94045813393,-390.72955813392764
19.965,102633.0625,102131.07452060904,501.98797939096403
19.985,102036.0938,101990.38470910443,45.709090895572444
20.005,102119.1719,101849.87056288066,269.3013371193374
20.025,102048.5469,101709.53162107317,339.01527892683225
20.045,101296.3672,101569.36742269302,-273.0002226930228
20.065,101645.6406,101429.37750662742,216.26309337257408
20.085,101180.3203,101289.56141164037,-109.24111164036731
20.105,101007.3672,101149.91867637307,-142.55147637307527
20.125,101340.3906,101010.4488393449,329.94176065509964
20.145,101238.3203,100871.15143895368,367.1688610463316
20.165,101026.4453,100732.0260134766,294.4192865234072
20.185,100894.2188,100593.07210107046,301.1466989295441
20.205,100195.3672,100454.2892397726,-258.92203977260215
20.225,99940.2734,100315.67696750115,-375.40356750114006
20.245,100077.25,100177.23482205605,-99.98482205605251
20.265,100503.2734,100038.96234111933,464.31105888067395
20.285,99935.0938,99900.85906225546,34.234737744540325
20.305,99885.1172,99762.92452291271,122.19267708728148
20.325,99211.6406,99625.1582604228,-413.5176604228036
20.345,99184.0938,99487.55981200225,-303.4660120022454
20.365,99998.7969,99350.12871475221,648.6681852477923
20.385,99290.2969,99212.86450565979,77.43239434021234
20.405,99494.7734,99075.7667215981,419.0066784019
20.425,98797.3203,98938.83489932696,-141.51459932695434
20.445,98901.7422,98802.06857549335,99.67362450664223
20.465,98743.0938,98665.46728663227,77.62651336773706
20.485,98505.3906,98529.03056916688,-23.639969166877563
20.505,98387.8438,98392.75795940927,-4.914159409265267
20.525,98496.3672,98256.64899356115,239.71820643884712
20.545,98345.8203,98120.70320771394,225.11709228606196
20.565,97598.9453,97984.92013784985,-385.974837849848
20.585,97613.6484,97849.29931984196,-235.6509198419517
20.605,97776.1953,97713.84028945502,62.35501054498309
20.625,97134.6484,97578.54258234572,-443.8941823457135
20.645,97638.6719,97443.4057340636,195.26616593639483
20.665,97338.7656,97308.42928005115,30.33631994885218
20.685,97225.3438,97173.61275564467,51.73104435532878
20.705,97200.6172,97038.95569607451,161.66150392548298
20.725,96816.3984,96904.45763646574,-88.05923646573501
20.745,96763.7422,96770.11811183878,-6.375911838782486
20.765,96459.0156,96635.93665710952,-176.92105710951728
20.785,96245.1484,96501.91280709018,-256.76440709017334
20.805,96221.6484,96368.04609648959,-146.39769648958463
20.825,96237.375,96234.33605991391,3.0389400860876776
20.845,96062.6953,96100.78223186683,-38.08693186682649
20.865,96130.8438,95967.38414675031,163.45965324969438
20.885,96189.9219,95834.14133886485,355.7805611351505
20.905,95874.1953,95701.05334241048,173.141957589527
20.925,95816.3203,95568.11969148635,248.2006085136527
20.945,95423.7188,95435.33992009208,-11.621120092080673
20.965,95267.1016,95302.71356212773,-35.61196212773211
20.985,96187.3203,95170.2401513943,1017.0801486057026
21.005,95075.1719,95037.91922159477,37.25267840523156
21.025,94654.2422,94905.7503063336,-251.50810633361107
21.045,94393.3672,94773.73293911784,-380.36573911784217
21.065,94528.5938,94641.86665335788,-113.27285335787747
21.085,94911.5703,94510.150982367,401.4193176330009
21.105,94333.1953,94378.5854593625,-45.39015936249052
21.125,94271.0234,94247.169617466,23.853782534002676
21.145,94502.6953,94115.90298970397,386.792310296034
21.165,94000.4453,93984.78510900785,15.660190992159187
21.185,94083.6953,93853.815508215,229.87979178500245
21.205,93774.1172,93722.99372006865,51.12347993133881
21.225,93221.3203,93592.31927721864,-370.9989772186382
21.245,93473.8516,93461.79171222192,12.059887778072152
21.265,93501.1953,93331.4105575427,169.78474245731195
21.285,93094.8516,93201.17534555314,-106.32374555314891
21.305,92854.3672,93071.08560853355,-216.71840853356116
21.325,93070.7266,92941.14087867303,129.5857213269628
21.345,92594.1172,92811.34068806996,-217.22348806996888
21.365,93038.1719,92681.68456873206,356.48733126794104
21.385,92762.375,92552.17205257712,210.2029474228766
21.405,92188.0469,92422.80267143357,-234.75577143357077
21.425,92929.9688,92293.57595704026,636.3928429597436
21.445,92616.5,92164.49144104744,452.0085589525552
21.465,91958.1953,92035.54865501731,-77.35335501730151
21.485,91545.1172,91906.74713042365,-361.62993042365997
21.505,91360.2422,91778.0863986532,-417.8441986532125
21.525,91631.1172,91649.5659910051,-18.44879100511025
21.545,91786.3203,91521.18543869212,265.13486130788806
21.565,91339.5469,91392.94427284073,-53.397372840729076
21.585,91333.4219,91264.84202449128,68.57987550871621
21.605,90808.3438,91136.87822459872,-328.53442459872167
21.625,91152.9922,91009.05240403302,143.93979596697318
21.645,91313.4141,90881.36409357913,432.0500064208609
21.665,90392.4219,90753.81282393789,-361.3909239378845
21.685,90446.7266,90626.39812572618,-179.67152572618215
21.705,90591.5234,90499.11952947713,92.40387052287406
21.725,90015.7656,90371.97656564099,-356.21096564098843
21.745,90604.3203,90244.96876458506,359.3515354149422
21.765,90062.8438,90118.09565659429,-55.251856594288256
21.785,89879.1172,89991.35677187148,-112.23957187148335
21.805,90141.5703,89864.75164053774,276.81865946226753
21.825,89826.7969,89738.27979263329,88.51710736671521
21.845,88805.3984,89611.94075811704,-806.5423581170326
21.865,89645.9219,89485.73406686747,160.18783313252789
21.885,89349.7266,89359.659248683,-9.932648683010484
21.905,89305.7031,89233.71583328203,71.9872667179734
21.925,88911.1641,89107.90335030368,-196.73925030368264
21.945,89156.6953,88982.221329308,174.47397069200815
21.965,88686.8438,88856.66929977627,-169.8254997762706
21.985,88827.3203,88731.24679111142,96.07350888858491
22.005,88659.7266,88605.95333263844,53.773267361553735
22.025,88281.3203,88480.78845360444,-199.46815360443725
22.045,88583.3203,88355.75168317954,227.5686168204702
22.065,88093.7656,88230.84255045673,-137.0769504567288
22.085,88436.8438,88106.06058445254,330.7832155474607
22.105,87634.2188,87981.40531410706,-347.18651410705934
22.125,87747.3984,87856.87626828445,-109.47786828444805
22.145,88499.8984,87732.47297577365,767.425424226356
22.165,87216.4219,87608.19496528798,-391.7730652879836
22.185,87450.3203,87484.04176546609,-33.72146546607837
22.205,87774.3984,87360.01290487204,414.38549512796453
22.225,87169.1953,87236.10791199566,-66.91261199564906
22.245,86998.5703,87112.32631525294,-113.75601525293314
22.265,86947.8906,86988.66764298624,-40.77704298624303
22.285,87078.7734,86865.13142346483,213.64197653517476
22.305,86881.1719,86741.71718488506,139.45471511494543
22.325,86151.5234,86618.42445537052,-466.9010553705157
22.345,86599.1953,86495.25276297287,103.94253702713468
22.365,86617.4922,86372.2016356715,245.2905643284903
22.385,86455.125,86249.2706013746,205.85439862539351
22.405,86409.8203,86126.45918791882,283.3611120811838
22.425,86471.9922,86003.76692307,468.22527692999574
22.445,86293.1953,85881.19333452327,412.0019654767384
22.465,85727.4922,85758.73794990333,-31.24574990333349
22.485,85632.6953,85636.40029676503,-3.7049967650236795
22.505,85715.5234,85514.17990259356,201.34349740644393
22.525,85128.2422,85392.07629480447,-263.8340948044788
22.545,84950.5938,85270.08900074442,-319.4952007444226
22.565,85148.0469,85148.21754769127,-0.17064769126591273
22.585,84679.8906,85026.46146285436,-346.57086285436526
22.605,84335.3203,84904.820273375,-569.4999733749864
22.625,84494.3203,84783.29350632637,-288.97320632636547
22.645,84989.25,84661.8806887143,327.36931128569995
22.665,84873.7734,84540.5813474772,333.19205252280517
22.685,84198.1172,84419.39500948659,-221.27780948659347
22.705,84391.125,84298.32120154735,92.80379845264542
22.725,83919.4453,84177.35945039798,-257.9141503979772
22.745,84530.7734,84056.50928271073,474.2641172892763
22.765,84487.9688,83935.7702250921,552.1985749079031
22.785,83703.6953,83815.14180408324,-111.44650408322923
22.805,83714.1172,83694.62354615988,19.49365384010889
22.825,83729.6484,83574.21497773277,155.43342226723325
22.845,83823.6953,83453.91562514828,369.7796748517285
22.865,83925.1953,83333.72501468813,591.4702853118797
22.885,83646.5703,83213.64267257016,432.9276274298463
22.905,82958.2188,83093.66812494812,-135.44932494811655
22.925,82780.5234,82973.80089791252,-193.27749791250972
22.945,82797.6484,82854.04051749036,-56.392117490351666
22.965,83437.8438,82734.3865096458,703.4572903541994
22.985,82626.1953,82614.83840028032,11.356899719685316
23.005,82658.1172,82495.39571523288,162.721484767113
23.025,82524.7734,82376.05798028034,148.71541971966508
23.045,82240.9688,82256.82472113744,-15.85592113743769
23.065,81848.1172,82137.6954634576,-289.5782634576026
23.085,81846.2188,82018.66973283283,-172.45093283282768
23.105,81738.3203,81899.74705479396,-161.42675479395257
23.125,81596.1953,81780.92695481075,-184.7316548107483
23.145,81523.2891,81662.20895829287,-138.91985829288024
23.165,81234.4219,81543.59259058941,-309.1706905894098
23.185,81490.3203,81425.07737698941,65.24292301059177
23.205,81365.3672,81306.66284272211,58.704357277878444
23.225,80401.9922,81188.34851295748,-786.3563129574904
23.245,80745.2422,81070.13391280579,-324.89171280579467
23.265,80802.1953,80952.01856731848,-149.82326731846842
23.285,80493.3906,80834.00200148852,-340.6114014885243
23.305,80498.0938,80716.0837402498,-217.98994024979766
23.325,81025.0469,80598.2633084784,426.7835915215983
23.345,80069.2969,80480.54023099228,-411.24333099227806
23.365,80421.6406,80362.91403255139,58.726567448611604
23.385,80661.0234,80245.38423785847,415.6391621415387
23.405,79731.3203,80127.95037155892,-396.6300715589168
23.425,79917.2656,80010.61195824103,-93.34635824103316
23.445,79741.6406,79893.3685224363,-151.72792243630101
23.465,79790.4453,79776.21958861966,14.225711380349821
23.485,79690.1172,79659.16468120986,30.952518790130853
23.505,79008.9922,79542.2033245696,-533.2111245695996
23.525,79469.4453,79425.33504300565,44.11025699436141
23.545,79631.3203,79308.55936076917,322.7609392308368
23.565,79454.3203,79191.87580205602,262.4444979439868
23.585,78660.8516,79075.28389100698,-414.43229100698954
23.605,78923.1953,78958.78315170793,-35.58785170792544
23.625,79006.3203,78842.37310818999,163.9471918100171
23.645,78080.2891,78726.05328443012,-645.7641844301252
23.665,78871.7656,78609.8232043508,261.94239564919553
23.685,78499.0469,78493.68239182065,5.364508179351105
23.705,78245.0938,78377.63037065469,-132.53657065468724
23.725,78583.8438,78261.66666461405,322.17713538595126
23.745,78573.7422,78145.79079740719,427.9514025928074
23.765,77838.9922,78030.0022926889,-191.01009268891357
23.785,77924.3203,77914.30067406167,10.019625938337413
23.805,77005.8438,77798.68546507476,-792.8416650747531
23.825,77143.6484,77683.15618922579,-539.5077892257832
23.845,77201.9922,77567.71236995948,-365.720169959488
23.865,77560.3906,77452.35353066897,108.03706933102512
23.885,77141.3984,77337.07919469569,-195.6807946956833
23.905,77477.5234,77221.88888532948,255.634514670528
23.925,77228.9688,77106.78212580888,122.18667419112171
23.945,77119.5703,76991.75843932125,127.81186067876115
23.965,77250.2422,76876.81734900337,373.42485099662736
23.985,76955.3984,76761.95837794073,193.44002205927973
24.005,76645.2422,76647.1810491691,-1.9388491691061063
24.025,76379.9688,76532.48488567365,-152.51608567364747
24.045,76316.8438,76417.8694103894,-101.02561038939166
24.065,76676.3672,76303.3341462017,373.03305379829544
24.085,75956.5234,76188.87861594645,-232.35521594644524
24.105,76804.1953,76074.5023424098,729.6929575902032
24.125,76693.9922,75960.20484832895,733.7873516710388
24.145,75592.5234,75845.98565639177,-253.46225639176555
24.165,75452.7969,75731.84428923787,-279.047389237865
24.185,75748.9922,75617.78026945761,131.21193054238393
24.205,75404.5234,75503.79311959338,-99.26971959337243
24.225,75721.7656,75389.8823621393,331.88323786070396
24.245,74902.6484,75276.04751954158,-373.3991195415729
24.265,75425.6172,75162.28811419822,263.3290858017717
24.285,74653.1172,75048.60366845992,-395.4864684599306
24.305,75127.7266,74934.99370463024,192.7328953697579
24.325,74139.1953,74821.45774496484,-682.2624449648283
24.345,74834.3984,74707.99531167297,126.40308832703158
24.365,74074.1172,74594.60592691679,-520.4887269167957
24.385,74021.5938,74481.2891128117,-459.695312811702
24.405,74307.1953,74368.0443914271,-60.84909142709512
24.425,73931.1719,74254.87128478545,-323.69938478544645
24.445,74019.6484,74141.76931486386,-122.12091486385907
24.465,74614.9219,74028.73800359294,586.183896407063
24.485,73999.1172,73915.77687285814,83.34032714185014
24.505,73853.6953,73802.88544449906,50.8098555009492
24.525,73882.0469,73690.06324031006,191.9836596899404
24.545,73668.4453,73577.3097820404,91.13551795961394
24.565,73535.1172,73464.62459139444,70.49260860554932
24.585,73702.9688,73352.00719003161,350.9616099683917
24.605,73642.2422,73239.45709956696,402.7851004330296
24.625,73664.1719,73126.97384157096,537.1980584290432
24.645,73075.1719,73014.55693757001,60.61496242998692
24.665,73128.5234,72902.20590904614,226.31749095386476
24.685,72692.1719,72789.92027743795,-97.7483774379507
24.705,72501.1172,72677.69956414009,-176.58236414009298
