Theta (degrees),Raw Intensity,Model Baseline,Corrected Net Intensity
4.705,266866.0625,264629.8331325603,2236.2293674396933
4.725,266107.25,264360.4843923155,1746.7656076845014
4.745,265780.4688,264089.9615052708,1690.5072947291774
4.765,265004.125,263818.2886101509,1185.8363898490788
4.785,264891.125,263545.4894280884,1345.6355719115818
4.805,264156.625,263271.58727131435,885.0377286856528
4.825,264017.6875,262996.60505163326,1021.0824483667384
4.845,264036.2188,262720.56528868765,1315.6535113123246
4.865,263757.5625,262443.4901180189,1314.0723819811246
4.885,263395.25,262165.4012989301,1229.8487010698882
4.905,262454.375,261886.32022215688,568.054777843121
4.925,262062.0625,261606.26791735043,455.79458264957066
4.945,261550.5938,261325.26506038022,225.32873961978476
4.965,261388.4375,261043.3319804587,345.1055195413064
4.985,260578.5625,260760.48866709598,-181.92616709598224
5.005,260503.8281,260476.75477688698,27.07332311302889
5.025,259957.125,260192.1496401362,-235.02464013619465
5.045,259752.2188,259906.69226732576,-154.4734673257626
5.065,259395.0313,259620.40135542947,-225.3700554294628
5.085,259641.4688,259333.29529407845,308.1735059215571
5.105,259867.8906,259045.3921715812,822.4984284188249
5.125,258434.2813,258756.7097808036,-322.4284808035882
5.145,258069.0781,258467.26562491068,-398.187524910667
5.165,257890.1719,258177.07692297577,-286.90502297578496
5.185,257753.5781,257886.16061545984,-132.58251545982785
5.205,258287.2656,257594.53336956375,692.7322304362606
5.225,257640.3438,257302.21158445856,338.1322155414382
5.245,257748.8906,257009.21139639555,739.6792036044644
5.265,256930.25,256715.54868370015,214.70131629984826
5.285,256908.9688,256421.23907165197,487.7297283480293
5.305,254848.2813,256126.29793725468,-1278.016637254681
5.325,255393.7188,255830.74041389913,-437.0216138991236
5.345,255223.75,255534.58139592025,-310.83139592024963
5.365,254171.2031,255237.83554305352,-1066.6324430535024
5.385,253955.1719,254940.51728479136,-985.345384791377
5.405,253659.5938,254642.6408246426,-983.0470246426121
5.425,254313.2656,254344.22014429866,-30.95454429864185
5.445,253541.4844,254045.26900770678,-503.7846077067952
5.465,252391.0938,253745.80096505483,-1354.7071650548314
5.485,253112.4063,253445.82935666805,-333.42305666804896
5.505,252876.125,253145.36731682168,-269.2423168216774
5.525,252507.8438,252844.42777746994,-336.5839774699416
5.545,252370.1719,252543.0234718951,-172.85157189512393
5.565,252087.1875,252241.1669382773,-153.9794382773107
5.585,252138.1563,251938.870523188,199.28577681200113
5.605,251119.2344,251636.1463850084,-516.9119850084244
5.625,250239.875,251333.00649727514,-1093.1314972751425
5.645,250317.2969,251029.46265195473,-712.1657519547443
5.665,250673.6875,250725.52646264865,-51.838962648645975
5.685,250394.2813,250421.2093677309,-26.928067730885232
5.705,249177.8438,250116.5226334193,-938.6788334193116
5.725,249418.0,249811.47735678294,-393.47735678293975
5.745,249001.4375,249506.0844686859,-504.64696868590545
5.765,248321.4688,249200.35473667097,-878.8859366709657
5.785,248635.4375,248894.29876778196,-258.86126778196194
5.805,246863.375,248587.92701132954,-1724.5520113295352
5.825,248409.5781,248281.24976159816,128.32833840185776
5.845,248222.4688,247974.27716049895,248.19163950104848
5.865,247453.0,247667.01920016756,-214.01920016756048
5.885,246139.5781,247359.48572550906,-1219.9076255090476
5.905,245985.4063,247051.68643669158,-1066.280136691581
5.925,246383.0938,246743.6308915888,-360.5370915888052
5.945,246615.5469,246435.3285081735,180.21839182649273
5.965,246125.1406,246126.78856686316,-1.6479668631509412
5.985,245379.5313,245818.02021281817,-438.4889128181676
6.005,245225.4688,245509.03245819412,-283.5636581941217
6.025,245000.8125,245199.83418434949,-199.02168434948544
6.045,245622.4844,244890.4341440093,732.0502559906745
6.065,244810.4063,244580.84096338612,229.56533661388676
6.085,244336.3438,244271.06314425904,65.280655740964
6.105,243565.1875,243961.10906601197,-395.9215660119662
6.125,243674.4063,243650.98698763183,23.41931236817618
6.145,244410.0469,243340.70504966803,1069.3418503319554
6.165,242166.0313,243030.27127615333,-864.2399761533306
6.185,242733.1563,242719.69357648792,13.462723512086086
6.205,242500.7969,242408.97974728674,91.81715271325083
6.225,241828.8906,242098.13747419114,-269.2468741911289
6.245,242699.2813,241787.17433364625,912.1069663537492
6.265,242097.9688,241476.09779464363,621.87100535637
6.285,240534.7969,241164.9152204311,-630.1183204311237
6.305,240982.3281,240853.6338701897,128.69422981032403
6.325,239382.5938,240542.26090067925,-1159.6671006792458
6.345,240557.5313,240230.80336785252,326.727932147478
6.365,240249.9375,239919.26822843883,330.6692715611716
6.385,240689.75,239607.66234149807,1082.0876585019287
6.405,238947.2031,239295.9924699458,-348.7893699457927
6.425,239373.9844,238984.26528204963,389.71911795035703
6.445,239356.1719,238672.48735289747,683.6845471025154
6.465,238366.8594,238360.6651658391,6.194234160881024
6.485,238207.7813,238048.8051139009,158.97618609911297
6.505,238095.7344,237736.91350117396,358.8208988260303
6.525,237449.2656,237424.99654417735,24.269055822660448
6.545,237754.7969,237113.06037319626,641.7365268037247
6.565,237297.5938,236801.11103359514,496.4827664048644
6.585,237524.7031,236489.15448710768,1035.5486128923367
6.605,236288.6875,236177.19661310274,111.49088689725613
6.625,236168.7813,235865.2432098277,303.53809017231106
6.645,235853.375,235553.2999956292,300.0750043707958
6.665,235316.7813,235241.37261015218,75.40868984782719
6.685,235082.4688,234929.4666155167,153.00218448330997
6.705,235735.375,234617.58749747463,1117.7875025253743
6.725,234315.8594,234305.74066654476,10.118733455223264
6.745,233586.6719,233993.93145912897,-407.25955912898644
6.765,233854.5781,233682.16513860697,172.41296139304177
6.785,233468.7344,233370.4468964128,98.28750358719844
6.805,233577.3594,233058.78185309246,518.5775469075306
6.825,232773.6563,232747.1750593421,26.481240657914896
6.845,232430.2344,232435.63149702863,-5.397097028646385
6.865,231835.5625,232124.1560801924,-288.5935801923915
6.885,231710.9844,231812.7536560323,-101.76925603230484
6.905,231679.8281,231501.4290058735,178.3990941265074
6.925,231754.2188,231190.18684611935,564.0319538806507
6.945,231008.375,230879.03182918546,129.34317081453628
6.965,231861.3906,230567.9685444188,1293.4220555812062
6.985,230867.8906,230257.0015190006,610.8890809994191
7.005,230297.0,229946.1352188336,350.86478116639773
7.025,230323.5,229635.3740494146,688.1259505854105
7.045,229543.0469,229324.72235669167,218.32454330832115
7.065,230832.9063,229014.18442790717,1818.7218720928358
7.085,229399.2344,228703.76449242627,695.4699075737153
7.105,227732.2969,228393.4667225516,-661.1698225516011
7.125,228256.875,228083.2952343239,173.5797656761133
7.145,228056.5313,227773.25408830988,283.27721169011784
7.165,227259.3281,227463.3472903761,-204.0191903761006
7.185,227248.9844,227153.57879245043,95.40560754956095
7.205,226903.75,226843.95249327054,59.79750672946102
7.225,226560.8594,226534.4722391204,26.38716087958892
7.245,226179.2969,226225.14182455384,-45.84492455385043
7.265,225640.875,225915.96499310705,-275.0899931070453
7.285,226111.9531,225606.94543799845,505.0076620015607
7.305,225731.4531,225298.08680281803,433.36629718198674
7.325,226073.7969,224989.39268220423,1084.40421779576
7.345,224210.9063,224680.86662251106,-469.96032251106226
7.365,224182.0781,224372.5121224631,-190.43402246307232
7.385,224519.2813,224064.3326338009,454.94866619911045
7.405,223609.1094,223756.3315619152,-147.22216191521147
7.425,224495.8594,223448.51226647134,1047.347133528645
7.445,223142.6406,223140.87806202332,1.7625379766977858
7.465,223601.7656,222833.43221861802,768.3333813819918
7.485,222646.5469,222526.17796239015,120.36893760983367
7.505,222639.6563,222219.1184761471,420.53782385290833
7.525,222341.0313,221912.2568999445,428.7744000554958
7.545,222403.8594,221605.5963316536,798.263068346394
7.565,221192.4688,221299.1398275179,-106.67102751790662
7.585,221669.6563,220992.8904027028,676.7658972972131
7.605,220512.9219,220686.85103183528,-173.92913183529163
7.625,220037.7031,220381.02464953566,-343.3215495356417
7.645,220836.4063,220075.4141509412,760.9921490588167
7.665,220445.9531,219770.0223922204,675.9307077796257
7.685,219856.8125,219464.85219108113,391.96030891887494
7.705,218464.625,219159.9063272692,-695.2813272691856
7.725,219431.2813,218855.18754305944,576.0937569405651
7.745,219487.875,218550.6985437405,937.1764562595054
7.765,218172.1563,218246.44199809027,-74.28569809027249
7.785,218513.2969,217942.42053884515,570.8763611548347
7.805,218030.5156,217638.63676316207,391.87883683794644
7.825,218351.9063,217335.09323307284,1016.8130669271632
7.845,217514.8906,217031.79247593216,483.09812406785204
7.865,216176.3125,216728.7369848582,-552.424484858202
7.885,216269.3125,216425.9292191672,-156.6167191672139
7.905,216374.4063,216123.37160480063,251.03469519937062
7.925,216291.9844,215821.0665347468,470.9178652531991
7.945,215708.1719,215519.01636945517,189.1555305448128
7.965,215516.875,215217.22343724518,299.6515627548215
7.985,214538.6719,214915.6900347085,-377.0181347085163
8.005,214745.6875,214614.41842710553,131.26907289447263
8.025,214064.9219,214313.4108487555,-248.48894875551923
8.045,213990.1094,214012.66950342158,-22.56010342159425
8.065,214147.6094,213712.19656468905,435.41283531094086
8.085,213559.1406,213411.99417633918,147.1464236608299
8.105,212552.7656,213112.06445271676,-559.2988527167472
8.125,213248.4375,212812.40947909228,436.0280209077173
8.145,212515.4844,212513.03131201904,2.453087980946293
8.165,211837.2969,212213.93197968474,-376.6350796847546
8.185,212508.3438,211915.11348225805,593.2303177419526
8.205,211673.2969,211616.57779223018,56.71910776980803
8.225,212091.0781,211318.32685475147,772.7512452485389
8.245,210327.9844,211020.36258796253,-692.3781879625458
8.265,210671.1094,210722.6868833218,-51.57748332180199
8.285,210319.6094,210425.30160592677,-105.69220592678175
8.305,210249.4219,210128.2085948322,121.21330516779562
8.325,209449.9063,209831.40966336217,-381.50336336216424
8.345,209636.9375,209534.9065994189,102.03090058109956
8.365,208783.1094,209238.70116578668,-455.59176578669576
8.385,208189.7188,208942.79510043125,-753.0763004312466
8.405,208240.7656,208647.19011679498,-406.42451679497026
8.425,208150.7031,208351.88790408827,-201.18480408826144
8.445,207635.2656,208056.8901275762,-421.62452757617575
8.465,207606.4531,207762.19842886156,-155.74532886155066
8.485,207694.5625,207467.81442616374,226.74807383626467
8.505,206708.6719,207173.73971459336,-465.067814593378
8.525,207134.8594,206879.97586642398,254.88353357600863
8.545,206203.9063,206586.52443135862,-382.618131358613
8.565,205678.2344,206293.38693679392,-615.1525367939321
8.585,207062.6719,206000.5648880793,1062.1070119206852
8.605,204910.625,205708.059768774,-797.4347687739937
8.625,204404.5313,205415.87304089882,-1011.3417408988171
8.645,205195.0313,205124.00614518608,71.02515481392038
8.665,204770.1563,204832.46050132465,-62.304201324644964
8.685,204391.7031,204541.2375082028,-149.5344082027732
8.705,203055.625,204250.3385441467,-1194.7135441467108
8.725,203274.75,203959.76496715622,-685.0149671562249
8.745,203240.1875,203669.51811513767,-429.3306151376746
8.765,202620.6094,203379.59930613232,-758.9899061323376
8.785,202561.1406,203090.00983854372,-528.8692385437025
8.805,202319.2344,202800.75099135932,-481.5165913593373
8.825,201900.6094,202511.82402437145,-611.2146243714669
8.845,202225.9531,202223.23017839415,2.7229216058622114
8.865,201201.0938,201934.97067547697,-733.8768754769699
8.885,202000.7969,201647.04671911642,353.7501808835659
8.905,201325.9531,201359.45949446424,-33.50639446423156
8.925,200975.9063,201072.21016853303,-96.3038685330248
8.945,200469.3594,200785.29989039875,-315.9404903987597
8.965,199824.7188,200498.72979140125,-674.0109914012428
8.985,200316.5469,200212.50098534115,104.04591465884005
9.005,199256.9219,199926.61456867502,-669.6926686750376
9.025,200758.3906,199641.07162070743,1117.3189792925841
9.045,199942.5625,199355.87320378053,586.6892962194688
9.065,199214.0156,199071.02036346123,142.99523653878714
9.085,198290.4688,198786.51412872566,-496.04532872565323
9.105,198838.0625,198502.35551214177,335.70698785822606
9.125,197410.4531,198218.5455100488,-808.09241004879
9.145,197656.9063,197935.0851027348,-278.17880273479386
9.165,196735.5156,197651.97525461204,-916.4596546120301
9.185,197241.6094,197369.21691438934,-127.60751438935404
9.205,196811.5313,197086.81101524326,-275.2797152432613
9.225,197050.5781,196804.75847498607,245.81962501394446
9.245,196397.1875,196523.0601962319,-125.87269623190514
9.265,196137.9531,196241.71706656105,-103.76396656103316
9.285,195595.5,195960.72995868194,-365.22995868194266
9.305,195513.5,195680.09973059062,-166.5997305906203
9.325,195156.0625,195399.8272257286,-243.76472572860075
9.345,194880.2031,195119.91327313878,-239.71017313876655
9.365,194411.4219,194840.3586876193,-428.9367876193137
9.385,194087.0156,194561.1642698748,-474.14866987479036
9.405,193997.1719,194282.330806667,-285.1589066670276
9.425,193669.1094,194003.8590709619,-334.74967096190085
9.445,193073.0469,193725.7498220764,-652.7029220764234
9.465,192785.625,193448.00380582223,-662.3788058222272
9.485,192182.4063,193170.62175464837,-988.2154546483653
9.505,191902.5938,192893.60438778176,-991.010587781755
9.525,191222.5938,192616.9524113658,-1394.3586113658093
9.545,191621.9219,192340.66651859807,-718.7446185980807
9.565,191148.0156,192064.74738986488,-916.7317898648616
9.585,190621.125,191789.19569287534,-1168.0706928753352
9.605,190606.3281,191514.01208279343,-907.6839827934164
9.625,190529.6406,191239.1972023682,-709.5566023681895
9.645,191073.6875,190964.7516820623,108.9358179376868
9.665,189370.8906,190690.67614017957,-1319.7855401795532
9.685,189296.7656,190416.97118299018,-1120.2055829901656
9.705,189053.5469,190143.63740485496,-1090.0905048549757
9.725,188969.8906,189870.6753883473,-900.7847883472859
9.745,189046.25,189598.08570437474,-551.8357043747383
9.765,188777.4063,189325.868912298,-548.4626122979971
9.785,189572.2031,189054.02556004934,518.1775399506732
9.805,188014.0,188782.55618424885,-768.5561842488532
9.825,187733.6406,188511.46131031963,-777.8207103196182
9.845,188103.9531,188240.74145260162,-136.7883526016085
9.865,187233.3594,187970.3971144638,-737.0377144638042
9.885,186310.5938,187700.42878841533,-1389.8349884153286
9.905,187453.75,187430.83695621512,22.913043784879846
9.925,186613.8906,187161.6220889801,-547.731488980091
9.945,186334.7969,186892.7846472924,-557.9877472924127
9.965,185960.3438,186624.3250813049,-663.9812813049066
9.985,186418.1719,186356.2438308455,61.9280691544991
10.005,185710.6094,186088.54132552087,-377.93192552088294
10.025,184602.9531,185821.21798481792,-1218.2648848179088
10.045,183974.1875,185554.27421820463,-1580.086718204635
10.065,184616.9531,185287.71042522986,-670.7573252298462
10.085,184319.1406,185021.5269956214,-702.3863956213754
10.105,184851.1094,184755.72430938325,95.3850906167354
10.125,183986.0469,184490.30273689172,-504.255836891738
10.145,183057.1719,184225.26263899033,-1168.090738990344
10.165,183054.2031,183960.60436708335,-906.4012670833326
10.185,183108.6406,183696.3282632289,-587.6876632288913
10.205,182370.1563,183432.43466023036,-1062.2783602303534
10.225,181870.4063,183168.92388172648,-1298.5175817264826
10.245,183156.625,182905.79624228165,250.82875771835097
10.265,181197.625,182643.05204747344,-1445.4270474734367
10.285,182306.25,182380.69159398065,-74.44159398064949
10.305,181491.7969,182118.7151696692,-626.9182696692005
10.325,180770.9531,181857.12305367776,-1086.169953677745
10.345,180869.0313,181595.9155165021,-726.8842165021051
10.365,180306.1875,181335.0928200783,-1028.9053200783092
10.385,180435.9219,181074.65521786525,-638.7333178652625
10.405,180150.7188,180814.6029549262,-663.8841549261997
10.425,179912.1719,180554.93626800927,-642.7643680092879
10.445,179759.5781,180295.655385627,-536.0772856269905
10.465,179976.375,180036.76052813514,-60.38552813514252
10.485,179715.7031,179778.25190781022,-62.5488078102062
10.505,178895.1406,179520.12972892684,-624.9891289268271
10.525,178600.4688,179262.3941878332,-661.9253878332092
10.545,178044.1094,179005.0454730268,-960.9360730268236
10.565,177571.5156,178748.0837652283,-1176.5681652282947
10.585,178313.0781,178491.5092374555,-178.4311374554818
10.605,177141.9688,178235.3220550952,-1093.3532550951932
10.625,176388.5,177979.52237597585,-1591.022375975852
10.645,176892.25,177724.110350438,-831.8603504379862
10.665,176560.8906,177469.08612140472,-908.1955214047048
10.685,176738.6719,177214.44982445106,-475.7779244510748
10.705,176689.8594,176960.20158787255,-270.34218787256395
10.725,177225.0469,176706.34153275323,518.7053672467591
10.745,175203.9688,176452.86977303264,-1248.900973032636
10.765,174842.2813,176199.7864155721,-1357.5051155721012
10.785,175481.0313,175947.0915602207,-466.0602602206927
10.805,175222.7344,175694.78529987982,-472.0508998798323
10.825,174095.8906,175442.86772056736,-1346.977120567346
10.845,175039.7656,175191.3389014817,-151.57330148169422
10.865,174607.8906,174940.19891506372,-332.3083150637103
10.885,173361.7656,174689.4478270593,-1327.6822270592966
10.905,173986.6094,174439.08569658082,-452.47629658083315
10.925,173072.3906,174189.11257616745,-1116.721976167435
10.945,173333.4531,173939.52851184554,-606.0754118455225
10.965,173036.0313,173690.33354318832,-654.3022431883146
10.985,172562.1094,173441.5277033737,-879.4183033737063
11.005,172632.4844,173193.1110192433,-560.626619243325
11.025,172133.4688,172945.08351135952,-811.6147113595216
11.045,172306.25,172697.44519406234,-391.1951940623403
11.065,171045.5156,172450.19607552575,-1404.6804755257326
11.085,171389.0313,172203.3361578132,-814.3048578132002
11.105,171301.3281,171956.86543693297,-655.5373369329609
11.125,171601.4531,171710.78390289197,-109.33080289195641
11.145,171311.2969,171465.09153975022,-153.79463975023828
11.165,170481.7969,171219.78832567373,-737.9914256737393
11.185,170299.9375,170974.87423298732,-674.9367329873203
11.205,170455.7656,170730.34922822667,-274.5836282266537
11.225,169836.0156,170486.2132721903,-650.1976721902902
11.245,169495.3438,170242.46631998994,-747.1225199899345
11.265,169632.0781,169999.10832110135,-367.03022110133315
11.285,168958.3906,169756.13921941438,-797.7486194143712
11.305,169677.5156,169513.55895328216,163.95664671785198
11.325,169438.0156,169271.36745557009,166.64814442992792
11.345,167772.9375,169029.56465370406,-1256.6271537040593
11.365,168473.7188,168788.1504697188,-314.43166971878964
11.385,167651.5156,168547.12482030457,-895.6092203045555
11.405,166751.2969,168306.48761685446,-1555.1907168544712
11.425,167386.9375,168066.2387655105,-679.3012655104976
11.445,167493.7188,167826.37816720977,-332.65936720976606
11.465,167887.8125,167586.90571772968,300.90678227032186
11.485,166612.7344,167347.82130773296,-735.0869077329698
11.505,165441.3125,167109.12482281198,-1667.8123228119803
11.525,166522.4531,166870.81614353278,-348.363043532765
11.545,166424.5,166632.8951454789,-208.3951454788912
11.565,165308.125,166395.3616992939,-1087.2366992938914
11.585,165000.7969,166158.21567072446,-1157.418770724471
11.605,165000.3438,165921.45692066263,-921.1131206626305
11.625,164516.0156,165685.08530518715,-1169.0697051871393
11.645,164628.5625,165449.10067560498,-820.5381756049755
11.665,164208.375,165213.50287849255,-1005.1278784925526
11.685,163803.9844,164978.29175573564,-1174.3073557356547
11.705,163811.75,164743.46714457002,-931.7171445700224
11.725,163827.5,164509.02887762059,-681.5288776205853
11.745,163869.0938,164274.97678294123,-405.88298294122797
11.765,163589.9219,164041.310684053,-451.38878405300784
11.785,162797.7188,163808.03039998314,-1010.3115999831352
11.805,162609.2188,163575.1357453029,-965.916945302888
11.825,162589.9375,163342.62653016511,-752.6890301651147
11.845,162078.5781,163110.50256034176,-1031.9244603417465
11.865,162072.5938,162878.7636372607,-806.1698372607061
11.885,162084.1094,162647.40955804236,-563.3001580423734
11.905,161910.8281,162416.44011553584,-505.61201553582214
11.925,161836.0938,162185.8550983546,-349.7612983545987
11.945,160858.9688,161955.65429091215,-1096.6854909121466
11.965,161350.9063,161725.837473457,-374.9311734570074
11.985,159980.25,161496.4044221075,-1516.154422107502
12.005,160630.4063,161267.3549088863,-636.948608886305
12.025,159570.375,161038.68870175432,-1468.3137017543195
12.045,159904.2656,160810.40556464414,-906.1399646441278
12.065,159627.4531,160582.5052574942,-955.0521574941813
12.085,159844.3438,160354.98753628094,-510.64373628093745
12.105,159555.7656,160127.8521530522,-572.0865530521842
12.125,158979.6094,159901.09885595946,-921.4894559594686
12.145,159390.2813,159674.7273892897,-284.4460892897041
12.165,158740.7188,159448.73749349712,-708.0186934971134
12.185,158505.8281,159223.12890523527,-717.3008052352525
12.205,158935.5469,158997.90135738725,-62.35445738726412
12.225,157640.25,158773.0545790972,-1132.8045790971955
12.245,157582.0469,158548.58829580064,-966.5413958006538
12.265,157337.5781,158324.5022292547,-986.9241292546794
12.285,156813.8281,158100.79609756812,-1286.9679975681065
12.305,157490.6719,157877.46961523072,-386.7977152307285
12.325,156768.9688,157654.52249314304,-885.5536931430397
12.345,157149.5938,157431.95443864513,-282.36063864512835
12.365,156810.7031,157209.76515554544,-399.0620555454225
12.385,156257.9219,156987.95434414977,-730.0324441497796
12.405,156351.7188,156766.52170128864,-414.80290128864
12.425,156599.0156,156545.46692034593,53.548679654079024
12.445,156138.5938,156324.78969128642,-186.1958912864211
12.465,155645.4531,156104.48970068316,-459.0366006831464
12.485,155188.6406,155884.5666317445,-695.926031744486
12.505,155184.8281,155665.02016434132,-480.1920643413032
12.525,155303.7031,155445.84997503352,-142.14687503350433
12.545,154677.9219,155227.05573709632,-549.1338370963349
12.565,153919.6406,155008.63712054654,-1088.9965205465269
12.585,154262.0469,154790.5937921683,-528.5468921683205
12.605,153392.8594,154572.92541553895,-1180.0660155389633
12.625,152947.6875,154355.6316510542,-1407.9441510541947
12.645,153967.125,154138.7121559536,-171.58715595360263
12.665,152713.9219,153922.1665843451,-1208.244684345118
12.685,152238.5625,153705.99458722983,-1467.4320872298267
12.705,152502.7031,153490.19581252674,-987.4927125267277
12.725,151878.8281,153274.7699050968,-1395.9418050967797
12.745,152477.9844,153059.71650676656,-581.7321067665762
12.765,152962.0313,152845.0352563526,116.99604364740662
12.785,151475.5938,152630.7257896847,-1155.1319896846835
12.805,152216.0938,152416.78773962887,-200.69393962886534
12.825,151567.1406,152203.22073611117,-636.0801361111517
12.845,150784.1719,151990.0244061401,-1205.8525061401015
12.865,151246.0469,151777.19837382925,-531.1514738292608
12.885,150906.0938,151564.74226041997,-658.648460419965
12.905,151063.0781,151352.6556843037,-289.57758430368267
12.925,150358.0625,151140.93826104375,-782.875761043746
12.945,150319.625,150929.5896033974,-609.9646033974132
12.965,149506.1563,150718.60932133722,-1212.45302133722
12.985,149090.2031,150507.99702207296,-1417.7939220729459
13.005,149422.7969,150297.75231007225,-874.9554100722598
13.025,149706.375,150087.87478708237,-381.49978708237177
13.045,149440.25,149878.36405215046,-438.1140521504567
13.065,148933.5156,149669.21970164427,-735.7041016442527
13.085,148397.8906,149460.44132927302,-1062.5507292730035
13.105,148547.5,149252.02852610746,-704.5285261074605
13.125,148762.9844,149043.98088059976,-280.99648059977335
13.145,148386.6719,148836.29797860372,-449.626078603731
13.165,148359.4219,148628.97940339468,-269.55750339469523
13.185,147420.4219,148422.02473568838,-1001.6028356883908
13.205,147736.2188,148215.4335536611,-479.214753661101
13.225,146970.6719,148009.20543296833,-1038.533532968344
13.245,146668.375,147803.33994676432,-1134.9649467643176
13.265,145830.1563,147597.83666572018,-1767.6803657201817
13.285,146732.9531,147392.6951580435,-659.7420580434846
13.305,146732.2969,147187.91498949606,-455.61808949607075
13.325,145875.4219,146983.49572341266,-1108.0738234126766
13.345,145712.2656,146779.43692071905,-1067.1713207190332
13.365,145998.2656,146575.73813995018,-577.4725399501622
13.385,145780.2656,146372.3989372678,-592.1333372677909
13.405,145792.4219,146169.41886647852,-376.99696647853125
13.425,145126.0,145966.79747905108,-840.797479051078
13.445,144699.2656,145764.5343241336,-1065.2687241335807
13.465,144506.1406,145562.62894857122,-1056.4883485712053
13.485,144434.375,145361.08089692303,-926.7058969230275
13.505,144783.2188,145159.88971147873,-376.6709114787227
13.525,145018.3906,144959.05493227564,59.33566772437189
13.545,143759.2969,144758.57609711553,-999.2791971155384
13.565,143972.4375,144558.45274158067,-586.015241580666
13.585,143438.7031,144358.68439905046,-919.9812990504433
13.605,143522.8125,144159.27060071757,-636.458100717573
13.625,143069.9219,143960.21087560384,-890.2889756038494
13.645,142794.5156,143761.50475057645,-966.989150576439
13.665,142427.8906,143563.15175036335,-1135.261150363338
13.685,142258.4531,143365.15139756937,-1106.6982975693536
13.705,142467.5625,143167.50321269117,-699.9407126911683
13.725,142321.1719,142970.20671413306,-649.034814133076
13.745,141782.5,142773.2614182218,-990.7614182218094
13.765,142468.9688,142576.66683922213,-107.69803922213032
13.785,141746.3594,142380.42248935127,-634.0630893512862
13.805,142151.25,142184.52787879427,-33.277878794266144
13.825,140980.2656,141988.98251571835,-1008.716915718338
13.845,140647.5469,141793.78590628743,-1146.2390062874474
13.865,141517.0938,141598.93755467678,-81.84375467678183
13.885,140587.0156,141404.43696308733,-817.4213630873128
13.905,141812.2031,141210.2836317597,601.9194682403177
13.925,140374.6406,141016.47705898838,-641.8364589883713
13.945,140125.4844,140823.01674113597,-697.5323411359859
13.965,139748.6563,140629.90217264634,-881.2458726463374
13.985,139986.7188,140437.13284605893,-450.41404605892603
14.005,140083.375,140244.70825202216,-161.3332520221593
14.025,139203.5469,140052.627879307,-849.0809793070075
14.045,139291.6406,139860.89121481995,-569.2506148199318
14.065,139072.0469,139669.49774361707,-597.4508436170872
14.085,139695.9688,139478.44694891624,217.52185108375852
14.105,138991.3281,139287.73831211077,-296.41021211075713
14.125,137974.9688,139097.37131278214,-1122.402512782137
14.145,138362.7656,138907.34542871272,-544.5798287127109
14.165,138747.0469,138717.66013589874,29.386764101247536
14.185,137308.5469,138528.3149085625,-1219.7680085625034
14.205,137670.9688,138339.30921916524,-668.3404191652371
14.225,137381.6875,138150.64253841928,-768.9550384192844
14.245,137490.5469,137962.31433530044,-471.76743530045496
14.265,136771.1094,137774.32407705995,-1003.2146770599647
14.285,136882.1563,137586.67122923682,-704.5149292368151
14.305,136915.5938,137399.35525566974,-483.7614556697372
14.325,136411.6719,137212.37561850878,-800.7037185087975
14.345,136975.1406,137025.73177822755,-50.59117822753615
14.365,136182.7656,136839.4231936343,-656.6575936342997
14.385,135903.3906,136653.44932188402,-750.0587218840083
14.405,136102.5938,136467.80961848958,-365.2158184895816
14.425,136359.1406,136282.50353733316,76.6370626668504
14.445,135275.0,136097.53053067793,-822.5305306779337
14.465,134755.0156,135912.89004917868,-1157.8744491786638
14.485,134962.4063,135728.58154189325,-766.1752418932447
14.505,135215.2656,135544.60445629337,-329.3388562933542
14.525,134967.1563,135360.95823827578,-393.8019382757775
14.545,134109.9688,135177.64233217298,-1067.6735321729793
14.565,133799.6719,134994.6561807637,-1194.9842807637178
14.585,134205.2031,134811.99922528415,-606.7961252841342
14.605,133739.7188,134629.67090543808,-889.9521054380748
14.625,133201.2969,134447.67065940716,-1246.3737594071717
14.645,133995.8125,134265.99792386187,-270.1854238618689
14.665,133327.6406,134084.65213397171,-757.0115339717013
14.685,133359.2813,133903.63272341486,-544.3514234148606
14.705,132571.2813,133722.93912438888,-1151.6578243888798
14.725,132883.1719,133542.57076762096,-659.3988676209701
14.745,132313.125,133362.52708237685,-1049.4020823768515
14.765,132633.2969,133182.80749647197,-549.5105964719842
14.785,132770.1875,133003.4114362806,-233.223936280614
14.805,132698.6406,132824.33832674578,-125.69772674576961
14.825,132029.7188,132645.58759138852,-615.8687913885224
14.845,132179.3906,132467.1586523182,-287.7680523181916
14.865,132777.8906,132289.0509302415,488.8396697585122
14.885,130780.0391,132111.26384447166,-1331.2247444716631
14.905,130665.9922,131933.7968129385,-1267.8046129385039
14.925,131568.8906,131756.64925219712,-187.75865219710977
14.945,131108.6719,131579.8205774374,-471.1486774374207
14.965,130635.8438,131403.31020249278,-767.466402492777
14.985,130330.1719,131227.11753984977,-896.9456398497714
15.005,130840.9922,131051.24200065635,-210.24980065635464
15.025,130832.9531,130875.68299473186,-42.72989473186317
15.045,129857.7188,130700.4399305745,-842.7211305745004
15.065,129612.4141,130525.51221537129,-913.0981153712928
15.085,129584.2734,130350.8992550059,-766.6258550058992
15.105,130034.4688,130176.60045406778,-142.1316540677799
15.125,130041.0938,130002.61521586086,38.478584139142185
15.145,129153.0391,129828.94294241114,-675.9038424111495
15.165,128897.4219,129655.58303447641,-758.1611344764096
15.185,129360.0156,129482.53489155349,-122.51929155348625
15.205,128752.7969,129309.79791188717,-557.0010118871724
15.225,128158.6953,129137.37149247799,-978.6761924779858
15.245,128571.6953,128965.25502909094,-393.55972909093543
15.265,127376.5,128793.4479162628,-1416.9479162627977
15.285,127409.7188,128621.94954731135,-1212.230747311347
15.305,128170.9688,128450.75931434179,-279.79051434178837
15.325,128021.2969,128279.8766082561,-258.5797082561039
15.345,127208.1875,128109.30081875988,-901.1133187598753
15.365,127463.8906,127939.03133437058,-475.1407343705796
15.385,127289.0469,127769.06754242547,-480.02064242547203
15.405,126730.4141,127599.40882908838,-868.9947290883865
15.425,127518.25,127430.05457935846,88.19542064153939
15.445,126668.7969,127261.00417707683,-592.2072770768282
15.465,126356.6172,127092.25700493467,-735.6398049346753
15.485,126134.3984,126923.81244448008,-789.4140444800723
15.505,126411.8438,126755.66987612612,-343.826076126119
15.525,125877.5,126587.82867915736,-710.3286791573628
15.545,125828.25,126420.2882317379,-592.0382317378971
15.565,126041.0938,126253.04791091799,-211.9541109179845
15.585,126189.5391,126086.10709264134,103.43200735865685
15.605,125443.1641,125919.46515175264,-476.3010517526418
15.625,125190.125,125753.12146200356,-562.9964620035607
15.645,125601.3906,125587.07539606119,14.315203938807826
15.665,125364.4453,125421.32632551342,-56.88102551341581
15.685,124604.7422,125255.87362087712,-651.1314208771219
15.705,124572.2188,125090.71665160406,-518.4978516040574
15.725,125069.6953,124925.85478608827,143.84051391173853
15.745,124445.2188,124761.28739167229,-316.06859167228686
15.765,123952.4453,124597.01383465435,-644.5685346543469
15.785,124262.7656,124433.03348029434,-170.267880294341
15.805,123889.4922,124269.34569282117,-379.85349282117386
15.825,123171.3906,124105.9498354384,-934.5592354383989
15.845,123666.0938,123942.84527033159,-276.7514703315828
15.865,122906.2656,123780.03135867411,-873.7657586741116
15.885,123245.8984,123617.50746063353,-371.60906063352013
15.905,123054.0234,123455.27293537842,-401.24953537841793
15.925,122930.4688,123293.32714108398,-362.8583410839783
15.945,122579.0938,123131.66943493912,-552.5756349391158
15.965,122204.5391,122970.2991731515,-765.7600731515122
15.985,122705.9922,122809.21571095483,-103.22351095483464
16.005,122259.4219,122648.41840261393,-388.99650261392526
16.025,122068.7969,122487.90660143175,-419.1097014317493
16.045,122340.8438,122327.67965975439,13.164140245615272
16.065,121254.7031,122167.73692897803,-913.0338289780339
16.085,121565.3906,122008.07775955398,-442.6871595539851
16.105,121847.0078,121848.701500995,-1.6937009949906496
16.125,121959.5938,121689.60750188123,269.9862981187762
16.145,121175.3828,121530.79510986547,-355.41230986546725
16.165,121038.4688,121372.26367167947,-333.79487167946354
16.185,121112.1719,121214.0125331392,-101.84063313920342
16.205,120442.9609,121056.04103915083,-613.0801391508285
16.225,120432.375,120898.34853371611,-465.973533716111
16.245,120905.7656,120740.9343599377,164.83124006229627
16.265,120531.6641,120583.79786002575,-52.13376002575387
16.285,120177.3203,120426.93837530179,-249.6180753017834
16.305,120524.5234,120270.35524620554,254.1681537944678
16.325,119723.3125,120114.04781229967,-390.73531229967193
16.345,119698.6719,119958.01541227534,-259.3435122753435
16.365,119159.1953,119802.25738395746,-643.0620839574549
16.385,119297.0234,119646.77306430973,-349.74966430972563
16.405,119459.875,119491.5617894406,-31.686789440602297
16.425,118980.1641,119336.62289460769,-356.45879460769356
16.445,118392.2188,119181.9557142234,-789.7369142233947
16.465,118502.4375,119027.55958186016,-525.1220818601578
16.485,118185.1641,118873.43383025493,-688.269730254935
16.505,118020.0625,118719.57779131496,-699.515291314965
16.525,117689.3438,118565.9907961222,-876.6469961222028
16.545,117605.8906,118412.67217493888,-806.7815749388828
16.565,117967.4766,118259.62125721217,-292.1446572121786
16.585,118254.7969,118106.83737157869,147.95952842131373
16.605,117563.7578,117954.31984587027,-390.5620458702615
16.625,118042.6953,117802.06800711798,240.62729288202536
16.645,117343.3203,117650.08118155746,-306.76088155744947
16.665,117172.5625,117498.35869463327,-325.79619463326526
16.685,116791.4688,117346.89987100428,-555.4310710042773
16.705,117380.5781,117195.70403454738,184.8740654526191
16.725,116648.3906,117044.77050836314,-396.37990836314566
16.745,116395.0156,116894.09861478019,-499.08301478018984
16.765,116139.1719,116743.68767535909,-604.5157753590902
16.785,115970.1719,116593.53701089817,-623.3651108981721
16.805,115813.7656,116443.64594143674,-629.880341436743
16.825,115621.0469,116294.01378626066,-672.9668862606632
16.845,115909.0469,116144.6398639064,-235.59296390639793
16.865,116562.3438,115995.52349216513,566.8203078348743
16.885,115435.3906,115846.66398808797,-411.27338808796776
16.905,115903.5703,115698.06066798944,205.50963201056584
16.925,115099.6406,115549.71284745261,-450.0722474526119
16.945,115687.3672,115401.61984133282,285.74735866716946
16.965,115158.6875,115253.7809637622,-95.09346376219764
16.985,114918.375,115106.19552815433,-187.82052815433417
17.005,114927.1406,114958.86284720748,-31.722247207479086
17.025,114662.1719,114811.78223291005,-149.61033291004424
17.045,114723.5938,114664.95299654324,58.64080345675757
17.065,114003.0469,114518.37444868703,-515.3275486870261
17.085,114055.2969,114372.0458992227,-316.7489992227056
17.105,113940.4453,114225.96665733743,-285.52135733742034
17.125,113713.5,114080.13603152898,-366.6360315289785
17.145,113553.2422,113934.55332960849,-381.31112960849714
17.165,114301.2813,113789.2178587059,512.0634412940999
17.185,113130.1953,113644.12892527244,-513.9336252724315
17.205,113528.4922,113499.2858350858,29.206364914192818
17.225,113071.375,113354.68789325334,-283.31289325334365
17.245,113425.9297,113210.33440421626,215.59529578372894
17.265,112304.4453,113066.2246717535,-761.7793717534951
17.285,112383.25,112922.35799898498,-539.1079989849823
17.305,111948.3047,112778.73368837664,-830.4289883766469
17.325,112441.6484,112635.35104174262,-193.70264174260956
17.345,113015.9688,112492.20936025048,523.7594397495268
17.365,112115.9453,112349.30794442423,-233.36264442422544
17.385,111874.9922,112206.64609414764,-331.6538941476465
17.405,112279.6641,112064.22310866903,215.4409913309646
17.425,111888.9766,111922.03828660367,-33.06168660367257
17.445,111708.3203,111780.09092593852,-71.77062593851588
17.465,111765.8516,111638.38032403478,127.4712759652175
17.485,111138.8281,111496.90577763236,-358.0776776323619
17.505,110750.375,111355.66658285323,-605.2915828532277
17.525,111193.3438,111214.66203520422,-21.3182352042204
17.545,110538.1563,111073.89142958168,-535.735129581677
17.565,111073.8438,110933.35406027392,140.48973972607928
17.585,110650.8984,110793.04922096532,-142.15082096531114
17.605,111142.0938,110652.97620473983,489.11759526017704
17.625,110287.7422,110513.1343040833,-225.39210408330837
17.645,110532.8984,110373.52281088871,159.375589111296
17.665,110666.75,110234.14101645755,432.60898354245
17.685,110366.9922,110094.98821150475,272.0039884952421
17.705,109844.7188,109956.06368616088,-111.34488616087765
17.725,110140.7188,109817.3667299763,323.3520700236986
17.745,109394.9766,109678.8966319241,-283.9200319241063
17.765,109137.2422,109540.65268040265,-403.4104804026574
17.785,108684.4688,109402.63416324016,-718.1653632401576
17.805,109652.2969,109264.84036769679,387.4565323032148
17.825,109667.3672,109127.27058046855,540.0966195314395
17.845,109504.9688,108989.92408768978,515.0447123102203
17.865,108766.6484,108852.80017493702,-86.15177493701049
17.885,108879.3203,108715.89812723157,163.4221727684344
17.905,108090.1797,108579.21722904283,-489.03752904283465
17.925,108373.7734,108442.7567642915,-68.98336429148912
17.945,108104.0547,108306.5160163522,-202.4613163522008
17.965,107969.2422,108170.49426805707,-201.2520680570742
17.985,107998.1797,108034.69080169826,-36.51110169827007
18.005,108060.1719,107899.10489903123,161.06700096877466
18.025,106899.8203,107763.73584127815,-863.9155412781402
18.045,107597.5234,107628.58290912957,-31.05950912956905
18.065,107377.9688,107493.6453827488,-115.67658274879795
18.085,107621.5313,107358.9225417738,262.6087582261971
18.105,107648.5,107224.41366532078,424.08633467921754
18.125,107079.3203,107090.11803198683,-10.797731986822328
18.145,106798.1719,106956.03491985222,-157.86301985221507
18.165,107154.7188,106822.1636064844,332.55519351559633
18.185,107033.8516,106688.50336893965,345.3482310603431
18.205,106662.4453,106555.05348376682,107.39181623318291
18.225,106842.7969,106421.81322700932,420.98367299068195
18.245,106233.4219,106288.78187420867,-55.359974208666245
18.265,106073.9688,106155.95870040661,-81.9899004066101
18.285,106473.9688,106023.34298014808,450.6258198519208
18.305,106211.4688,105890.93398748408,320.53481251592166
18.325,105607.4219,105758.73099597404,-151.3090959740366
18.345,105621.3203,105626.73327868895,-5.4129786889388924
18.365,104971.6484,105494.94010821322,-523.291708213219
18.385,105179.3203,105363.35075664832,-184.03045664831006
18.405,105193.3203,105231.96449561509,-38.64419561508112
18.425,104903.7188,105100.78059625564,-197.06179625564255
18.445,104725.3203,104969.7983292369,-244.47802923689596
18.465,105156.1719,104839.0169647526,317.15493524739577
18.485,103973.1016,104708.43577252617,-735.3341725261707
18.505,104851.4453,104578.05402181283,273.3912781871768
18.525,104713.6484,104447.87098140302,265.7774185969902
18.545,104027.8516,104317.88591962379,-290.03431962379545
18.565,104004.7266,104188.09810434186,-183.37150434186333
18.585,104086.2734,104058.50680296644,27.76659703356563
18.605,104202.9922,103929.11128245067,273.8809175493225
18.625,104101.6719,103799.91080929535,301.76109070464736
18.645,103253.7734,103670.90464955037,-417.1312495503662
18.665,103926.7734,103542.09206881745,384.68133118255355
18.685,103741.1172,103413.47233225284,327.64486774714896
18.705,103298.6719,103285.04470456885,13.627195431152359
18.725,102812.5234,103156.80845003754,-344.28505003753526
18.745,102936.9297,103028.76283249167,-91.83313249167986
18.765,103339.4922,102900.90711532808,438.5850846719113
18.785,102488.6172,102773.2405615097,-284.62336150970077
18.805,102945.2266,102645.76243356722,299.46416643277917
18.825,102722.8516,102518.47199360261,204.37960639738594
18.845,102117.1719,102391.3685032903,-274.1966032903001
18.865,102385.1172,102264.45122388011,120.66597611988254
18.885,102623.0547,102137.71941619918,485.33528380081407
18.905,102465.1719,102011.17234065404,453.99955934596073
18.925,101809.3984,101884.80925723373,-75.41085723372817
18.945,101687.6172,101758.62942551063,-71.01222551063984
18.965,101599.5938,101632.632104644,-33.038304643996526
18.985,101868.6172,101506.81655338092,361.8006466190709
19.005,101460.1172,101381.18203005978,78.93516994021775
19.025,101415.7969,101255.72779261108,160.06910738891747
19.045,100940.6484,101130.45309856048,-189.8046985604742
19.065,100827.6484,101005.35720503105,-177.70880503104127
19.085,100860.9922,100880.43936874415,-19.447168744154624
19.105,100716.5,100755.69884602336,-39.198846023355145
19.125,100627.0,100631.13489279458,-4.134892794580082
19.145,100615.1719,100506.74676458989,108.42513541011431
19.165,99941.3984,100382.53371654848,-441.1353165484761
19.185,100278.6484,100258.49500341895,20.15339658105222
19.205,100147.9688,100134.62987956172,13.338920438283822
19.225,100413.4453,100010.93759895035,402.5077010496607
19.245,98959.8203,99887.41741517461,-927.5971151746053
19.265,99907.9922,99764.06858144088,143.9236185591144
19.285,99631.4219,99640.89035057588,-9.468450575877796
19.305,99576.375,99517.88197502772,58.493024972282
19.325,99973.6016,99395.0427068676,578.5588931323873
19.345,99704.1719,99272.37179779241,431.8001022075914
19.365,99450.75,99149.86849912608,300.8815008739184
19.385,99087.0703,99027.53206182239,59.5382381776144
19.405,98994.3203,98905.36173646591,88.95856353409181
19.425,99023.0938,98783.35677327416,239.7370267258375
19.445,98669.3906,98661.51642209997,7.874177900026552
19.465,98230.1172,98539.83993243262,-309.72273243262316
19.485,98464.1719,98418.32655340058,45.845346599424374
19.505,98305.6016,98296.97553377235,8.626066227647243
19.525,97989.7656,98175.78612195926,-186.0205219592608
19.545,98257.2656,98054.75756601652,202.50803398348216
19.565,98061.0703,97933.88911364561,127.18118635439896
19.585,97516.8984,97813.18001219598,-296.2816121959768
19.605,97268.1172,97692.62950866623,-424.5123086662352
19.625,97388.6016,97572.236849707,-183.63524970700382
19.645,97131.6172,97452.00128162157,-320.3840816215816
19.665,97276.6406,97331.92205036868,-55.28145036868227
19.685,97242.5703,97211.99840156356,30.571898436450283
19.705,97285.2188,97092.22958047967,192.98921952032833
19.725,97379.6484,96972.61483205136,407.0335679486452
19.745,96600.8438,96853.15340087406,-252.309600874054
19.765,96788.6484,96733.84453120746,54.80386879254365
19.785,97204.5156,96614.6874669762,589.8281330237951
19.805,96360.4453,96495.6814517721,-135.23615177210013
19.825,96523.7031,96376.82572885582,146.8773711441754
19.845,96368.6172,96258.11954115791,110.49765884208318
19.865,95755.3203,96139.56213128168,-384.2418312816735
19.885,95702.0938,96021.15274150329,-319.0589415032882
19.905,96357.5234,95902.89061377483,454.6327862251783
19.925,95220.1953,95784.77498972515,-564.5796897251421
19.945,95969.9688,95666.80511066149,303.1636893385148
19.965,95962.9766,95548.9802175716,413.99638242839137
19.985,95430.3906,95431.29955112468,-0.9089511246857
20.005,95513.1719,95313.76235167356,199.4095483264391
20.025,95425.5234,95196.36785925558,229.1555407444248
20.045,95122.7734,95079.11531359513,43.65808640487376
20.065,94816.1953,94962.00395410467,-145.80865410466504
20.085,95145.1953,94845.03301988571,300.16228011429484
20.105,94874.6016,94728.20174973144,146.3998502685572
20.125,94688.9766,94611.50938212767,77.46721787232673
20.145,94393.4922,94494.95515525443,-101.46295525443566
20.165,94065.6719,94378.53830698729,-312.86640698729025
20.185,94116.4219,94262.25807489941,-145.83617489940661
20.205,94433.1719,94146.11369626262,287.0582037373824
20.225,93660.8984,94030.10440804876,-369.2060080487572
20.245,93827.1016,93914.22944693174,-87.12784693174763
20.265,93267.5703,93798.4880492884,-530.91774928839
20.285,93976.7188,93682.87945120048,293.83934879951994
20.305,93473.4453,93567.40288845549,-93.95758845547971
20.325,93763.1016,93452.0575965489,311.0440034510975
20.345,93382.7188,93336.8428106852,45.875989314808976
20.365,92839.3672,93221.7577657786,-382.390565778609
20.385,92875.6016,93106.80169645607,-231.20009645607206
20.405,93325.9219,92991.97383705733,333.9480629426689
20.425,93004.5,92877.27342163681,127.22657836318831
20.445,92872.25,92762.6996839653,109.55031603469979
20.465,92677.4688,92648.25185753065,29.21694246935658
20.485,92278.5469,92533.92917553973,-255.38227553972683
20.505,91999.3984,92419.73087091948,-420.33247091947123
20.525,92351.3203,92305.65617631873,45.66412368127203
20.545,92117.4453,92191.70432410878,-74.25902410877461
20.565,92064.2422,92077.87454638546,-13.632346385464189
20.585,92119.5703,91964.16607497033,155.40422502967704
20.605,92677.3203,91850.57814141159,826.7421585884149
20.625,91622.3203,91737.10997698584,-114.78967698583438
20.645,91264.4453,91623.76081269927,-359.3155126992642
20.665,90841.3203,91510.52987928892,-669.2095792889158
20.685,90502.3984,91397.41640722397,-895.01800722396
20.705,91667.6953,91284.41962670724,383.27567329276644
20.725,91399.9922,91171.5387676761,228.45343232389132
20.745,90703.4219,91058.77305980431,-355.35115980431146
20.765,90834.1953,90946.12173250239,-111.92643250238325
20.785,90602.1172,90833.5840149199,-231.4668149199133
20.805,91059.0156,90721.15913594633,337.85646405366424
20.825,90465.5234,90608.8463242116,-143.32292421159218
20.845,90255.9453,90496.64480808855,-240.699508088539
20.865,90406.3906,90384.55381569365,21.83678430634609
20.885,90207.0938,90272.57257488748,-65.47877488748054
20.905,90623.0469,90160.70031327754,462.3465867224586
20.925,90177.1172,90048.9362582177,128.18094178229512
20.945,89760.5938,89937.27963681074,-176.68583681073505
20.965,89659.0234,89825.72967590913,-166.70627590912045
20.985,89880.5938,89714.28560211582,166.30819788418012
21.005,89227.625,89602.94664178617,-375.3216417861695
21.025,89495.0938,89491.71202102827,3.381778971728636
21.045,89424.0,89380.58096570487,43.419034295133315
21.065,89706.8203,89269.5527014343,437.2675985657115
21.085,89119.8984,89158.62645359163,-38.728053591621574
21.105,89215.7734,89047.80144730932,167.9719526906847
21.125,89476.9922,88937.07690747923,539.91529252076
21.145,88753.9922,88826.45205875317,-72.45985875318001
21.165,88682.1016,88715.92612554424,-33.82452554424526
21.185,88297.0469,88605.49833202825,-308.4514320282469
21.205,88364.9688,88495.1679021439,-130.19910214390256
21.225,88342.5469,88384.93405959482,-42.387159594814875
21.245,88556.3203,88274.79602785068,281.52427214932686
21.265,88444.1953,88164.75303014746,279.442269852545
21.285,88364.3906,88054.80428948943,309.5863105105673
21.305,87609.9922,87944.94902864948,-334.9568286494905
21.325,88041.6484,87835.18647017117,206.46192982883076
21.345,87313.9219,87725.51583636875,-411.5939363687503
21.365,87321.4453,87615.93634932872,-294.49104932871705
21.385,87508.6016,87506.4472309114,2.1543690885882825
21.405,87273.7969,87397.04770275112,-123.25080275112123
21.425,87014.3672,87287.73698625751,-273.3697862575209
21.445,86860.5938,87178.5143026167,-317.92050261670374
21.465,86859.9766,87069.37887279256,-209.40227279256214
21.485,87025.6484,86960.32991752759,65.31848247241578
21.505,86531.9297,86851.36665734334,-319.4369573433505
21.525,86267.0469,86742.48831254264,-475.44141254264105
21.545,86767.0938,86633.69410320913,133.39969679087517
21.565,86284.4922,86524.98324921008,-240.49104921008984
21.585,86089.2734,86416.35497019545,-327.0815701954416
21.605,85662.1953,86307.80848560043,-645.6131856004213
21.625,85789.4922,86199.34301464588,-409.85081464589166
21.645,85944.6406,86090.95777633862,-146.3171763386199
21.665,85551.8906,85982.65198947399,-430.7613894739916
21.685,85557.9688,85874.42487263505,-316.45607263504644
21.705,85579.7969,85766.2756441953,-186.47874419529398
21.725,85858.5234,85658.20352231784,200.3198776821664
21.745,85001.2422,85550.20772495816,-548.9655249581701
21.765,85687.4453,85442.28746986366,245.1578301363479
21.785,85155.8438,85334.44197457517,-178.59817457516328
21.805,85206.7734,85226.67045642811,-19.897056428104406
21.825,85249.7266,85118.97213255297,130.7544674470264
21.845,84815.4453,85011.34621987693,-195.90091987691994
21.865,84926.9453,84903.79193512342,23.153364876590786
21.885,84945.3203,84796.30849481479,149.0118051852187
21.905,84709.2969,84688.8951152724,20.40178472759726
21.925,84473.9922,84581.55101261684,-107.55881261684408
21.945,84473.7969,84474.27540277026,-0.4785027702600928
21.965,84971.3203,84367.06750145624,604.2527985437628
21.985,84640.0469,84259.92652420103,380.1203757989715
22.005,84434.9688,84152.85168633453,282.1171136654739
22.025,84242.1953,84045.84220299067,196.35309700934158
22.045,84040.5703,83938.89728910962,101.67301089038665
22.065,83250.6484,83832.01615943672,-581.3677594367182
22.085,83883.4219,83725.1980285251,158.22387147489644
22.105,83462.0469,83618.44211073543,-156.3952107354271
22.125,83224.6719,83511.74762023744,-287.07572023743705
22.145,83125.4219,83405.11377101074,-279.69187101074203
22.165,82995.5703,83298.53977684479,-302.96947684478073
22.185,83469.4453,83192.02485134127,277.4204486587405
22.205,83036.3984,83085.56820791357,-49.16980791356764
22.225,82620.5234,82979.16905978837,-358.6456597883662
22.245,82929.7734,82872.82662000656,56.946779993450036
22.265,83077.3672,82766.54010142296,310.82709857703594
22.285,82297.9688,82660.30871670914,-362.3399167091411
22.305,82379.1953,82554.13167835213,-174.93637835212576
22.325,82633.3203,82448.00819865684,185.31210134316643
22.345,81673.1953,82341.93748974582,-668.7421897458116
22.365,81910.3203,82235.91876356062,-325.5984635606146
22.385,81980.4922,82129.95123186271,-149.45903186271607
22.405,81689.3906,82024.03410623383,-334.6435062338278
22.425,81784.5234,81918.16659807734,-133.6431980773341
22.445,81714.3672,81812.34791861798,-97.98071861798235
22.465,81455.8984,81706.57727890433,-250.6788789043203
22.485,81718.1172,81600.85388980777,117.26331019222562
22.505,81385.5703,81495.17696202453,-109.60666202452558
22.525,81509.6406,81389.54570607652,120.09489392348041
22.545,81604.0469,81283.95933231068,320.08756768931926
22.565,81164.1953,81178.41705090151,-14.221750901502674
22.585,81203.1953,81072.91807185087,130.27722814913432
22.605,80511.2422,80967.46160498878,-456.2194049887912
22.625,81108.3672,80862.04685997425,246.320340025748
22.645,80806.3203,80756.67304629652,49.64725370348606
22.665,80265.9922,80651.33937327517,-385.34717327517865
22.685,80389.2969,80546.04505006105,-156.74815006104473
22.705,80046.6484,80440.7892856372,-394.1408856372
22.725,80266.1719,80335.57128881942,-69.39938881942362
22.745,80164.3203,80230.39026825689,-66.06996825688111
22.765,80348.8516,80125.24543243332,223.6061675666715
22.785,80237.1719,80020.13598966738,217.0359103326191
22.805,79899.1406,79915.06114811325,-15.920548113252153
22.825,79341.8438,79810.02011576155,-468.17631576154963
22.845,79584.6484,79705.01210044077,-120.36370044076466
22.865,79744.8438,79600.03630981589,144.80749018411734
22.885,79201.4453,79495.09195139204,-293.64665139203134
22.905,79301.3984,79390.17823251247,-88.77983251246042
22.925,78926.0547,79285.29436036086,-359.23966036086495
22.945,78932.2422,79180.43954196147,-248.19734196148056
22.965,79086.3984,79075.61298418019,10.78541581981699
22.985,78297.8984,78970.81389372467,-672.915493724664
23.005,78746.1953,78866.04147714534,-119.84617714532942
23.025,78271.0469,78761.29494083626,-490.24804083626077
23.045,78421.3984,78656.57349103552,-235.17509103551856
23.065,78904.6484,78551.87633382587,352.7720661741332
23.085,77895.4453,78447.20267513572,-551.7573751357122
23.105,78425.1953,78342.5517207394,82.6435792606062
23.125,78336.8438,78237.92267625825,98.92112374174758
23.145,77548.7969,78133.31474716088,-584.5178471608815
23.165,77921.9688,78028.72713876414,-106.75833876413526
23.185,77678.8438,77924.15905623388,-245.31525623388006
23.205,77650.6406,77819.60970458458,-168.96910458458296
23.225,77476.1953,77715.07828868175,-238.88298868174024
23.245,77380.5703,77610.56401324106,-229.99371324105596
23.265,77731.8438,77506.06608282952,225.77771717048017
23.285,77227.1953,77401.58370186665,-174.3884018666431
23.305,76978.2969,77297.1160746238,-318.8191746238008
23.325,76869.2422,77192.66240522647,-323.4202052264736
23.345,76926.1953,77088.22189765327,-162.02659765326825
23.365,77458.1172,76983.79375573792,474.3234442620742
23.385,76650.0938,76879.37718316869,-229.28338316868758
23.405,77282.2422,76774.97138349016,507.2708165098302
23.425,76650.5234,76670.57556010305,-20.052160103048664
23.445,76456.1953,76566.18891626512,-109.99361626511381
23.465,76612.9922,76461.81065509163,151.18154490836605
23.485,76495.6484,76357.43997955596,138.20842044404708
23.505,76467.9688,76253.07609249078,214.8927075092215
23.525,76279.1172,76148.71819658746,130.39900341253087
23.545,75563.8438,76044.36549439782,-480.52169439781574
23.565,75726.9922,75940.0171883344,-213.02498833440768
23.585,75548.1953,75835.6724806705,-287.4771806704957
23.605,75601.3984,75731.33057354155,-129.9321735415433
23.625,75673.8984,75626.99066894499,46.90773105502012
23.645,75064.3984,75522.65196874173,-458.25356874172576
23.665,75116.5234,75418.31367465563,-301.79027465562103
23.685,74838.2422,75313.97498827495,-475.7327882749523
23.705,75037.2422,75209.63511105295,-172.39291105295706
23.725,74850.6484,75105.29324430707,-254.64484430706943
23.745,75088.4453,75000.9485892221,87.49671077790845
23.765,75365.6406,74896.60034684735,469.0402531526488
23.785,74881.9688,74792.24771810087,89.72108189912979
23.805,74848.3203,74687.88990376735,160.43039623265213
23.825,74331.7422,74583.52610449918,-251.78390449918516
23.845,74195.0469,74479.15552081811,-284.10862081810774
23.865,74490.1484,74374.77735311427,115.37104688573163
23.885,74038.7969,74270.3908016485,-231.59390164849174
23.905,73966.5938,74165.99506655085,-199.40126655084896
23.925,74385.2422,74061.5893478228,323.65285217719793
23.945,74097.6016,73957.17284533702,140.42875466297846
23.965,73678.6484,73852.744758838,-174.09635883799638
23.985,73664.6172,73748.30428794253,-83.68708794254053
24.005,73187.4453,73643.8506321405,-456.40533214049356
24.025,73260.0469,73539.3829907951,-279.33609079509915
24.045,73399.7969,73434.90056314375,-35.10366314374551
24.065,73155.7188,73330.40254829798,-174.6837482979754
24.085,73446.5234,73225.888145245,220.635254755005
24.105,73652.3906,73121.35655284688,531.0340471531235
24.125,73036.4922,73016.80696984235,19.685230157643673
24.145,73024.6406,72912.23859484587,112.40200515413017
24.165,73028.5234,72807.65062635025,220.87277364975307
24.185,73375.7266,72703.04226272448,672.6843372755102
24.205,73023.4453,72598.41270221665,425.0325977833563
24.225,72669.1953,72493.76114295356,175.43415704644576
24.245,72971.9922,72389.08678294026,582.9054170597374
24.265,72069.9922,72284.38882006198,-214.3966200619907
24.285,72171.9922,72179.66645208382,-7.674252083830652
24.305,71991.8438,72074.91887665185,-83.07507665184676
24.325,72420.1953,71970.1452912928,450.0500087071996
24.345,72020.5156,71865.34489341525,155.17070658474404
24.365,72148.9922,71760.51688030979,388.475319690202
24.385,71157.9688,71655.66044914923,-497.6916491492302
24.405,71518.4453,71550.77479699007,-32.32949699005985
24.425,71506.6406,71445.85912077152,60.78147922847711
24.445,71222.3906,71340.91261731731,-118.52201731731475
24.465,71158.6484,71235.93448333553,-77.28608333552256
24.485,70925.9922,71130.92391541929,-204.9317154192977
24.505,71120.6484,71025.88011004671,94.76828995329561
24.525,71229.1172,70920.80226358213,308.314936417868
24.545,70856.8438,70815.68957227594,41.154227724066004
24.565,70819.3672,70710.54123226588,108.82596773411206
24.585,70549.3906,70605.35643957605,-55.96583957604889
24.605,70862.1797,70500.13439011926,362.04530988073384
24.625,69852.5234,70394.87427969559,-542.3508796955866
24.645,70373.1172,70289.57530399435,83.54189600564132
24.665,70538.1953,70184.23665859347,353.9586414065416
24.685,69677.1406,70078.85753896093,-401.7169389609335
24.705,69974.5469,69973.43714045407,1.1097595459286822
